AIRPORT_CODE,AIRPORT_NAME,CITY_NAME,COUNTRY_NAME
05A,Little Squaw Airport,"Little Squaw, AK",United States
06A,Kizhuyak Bay,"Kizhuyak, AK",United States
1AK,Mertarvik Quarry Road Landing Strip,"Mertarvik, AK",United States
1G4,Grand Canyon West,"Peach Springs, AZ",United States
2AK,Deer Park,"Deerpark, AK",United States
2WA,Tacoma Seaplane Base,"Tacoma, WA",United States
6AK,Newtok Seaplane Base,"Newtok, AK",United States
6B0,Middlebury State,"Middlebury, VT",United States
7AK,Akun Airport,"Akun, AK",United States
9NY,Sbnysh,"Shelter Island, NY",United States
A02,Deadmans Bay Airport,"Deadmans Bay, AK",United States
A03,Hallo Bay Airport,"Hallo Bay, AK",United States
A04,Red Lake Airport,"Red Lake, AK",United States
A07,Roland Norton Memorial,"Selawik, AK",United States
A17,Port Vita Airport,"Port Vita, AK",United States
A18,Kantishna Airport,"Kantishna, AK",United States
A1K,Point Thomson Airstrip,"Deadhorse1, AK",United States
A23,Bradley Lake Airport,"Bradley Lake, AK",United States
A26,Ivotuk Airstrip,"Ivotuk, AK",United States
A27,Pogo Mines Airport,"Pogo Mines, AK",United States
A28,Ayakulik River Airport,"Ayakulik River, AK",United States
A29,Kiluda Bay Airport,"Kiluda Bay, AK",United States
A2K,Bartletts Airport,"Bartletts, AK",United States
A30,Terror Lake Airport,"Terror Lake, AK",United States
A31,Selief Bay Airport,"Selief Bay, AK",United States
A35,Bullen Point AFS,"Kaktovik, AK",United States
A37,Kako Airport,"Kako, AK",United States
A38,Molly Creek Airport,"Molly Creek, AK",United States
A40,Cape Simpson Airport,"Cape Simpson, AK",United States
A43,Trident Basin Seaplane Base,"Kodiak Island, AK",United States
A4K,Dune Lake Airport,"Dune Lake, AK",United States
A50,Big Bay Airport,"Big Bay, AK",United States
A57,International Seafoods Airport,"International Seafoods, AK",United States
A63,Coal Creek,"Yukon Charley Rivvers, AK",United States
A65,Karluk Portage Airport,"Karluk Portage, AK",United States
A6K,Van Curlers Sandbar,"Fairbanks1, AK",United States
A75,Malina Bay Airport,"Malina Bay, AK",United States
A99,Eagle Creek Airport,"Eagle Creek, AK",United States
AA2,Icicle Seafoods,"Naknek-1, AK",United States
AA8,Badami,"Deadhorse, AK",United States
AAL,Aalborg Airport,"Aalborg, Denmark",Denmark
ABE,Lehigh Valley International Airport,"Allentown/Bethlehem/Easton, PA",United States
ABI,Abilene Regional Airport,"Abilene, TX",United States
ABJ,Félix-Houphouët-Boigny International Airport,"Abidjan, Cote d'Ivoire",Cote d'Ivoire
ABL,Ambler Airport,"Ambler, AK",United States
ABQ,Albuquerque International Sunport,"Albuquerque, NM",United States
ABR,Aberdeen Regional Airport,"Aberdeen, SD",United States
ABV,Nnamdi Azikiwe International Airport,"Abuja, Nigeria",Nigeria
ABY,Southwest Georgia Regional Airport,"Albany, GA",United States
ACA,General Juan N. Álvarez International Airport,"Acapulco, Mexico",Mexico
ACC,Kotoka International Airport,"Accra, Ghana",Ghana
ACK,Nantucket Memorial Airport,"Nantucket, MA",United States
ACT,Waco Regional Airport,"Waco, TX",United States
ACV,California Redwood Coast-Humboldt County Airport,"Arcata/Eureka, CA",United States
ACY,Atlantic City International Airport,"Atlantic City, NJ",United States
ADB,Adnan Menderes International Airport,"Izmir, Turkey",Turkey
ADD,Addis Ababa Bole International Airport,"Addis Ababa, Ethiopia",Ethiopia
ADK,Adak Airport,"Adak Island, AK",United States
ADL,Adelaide International Airport,"Adelaide, Australia",Australia
ADM,Ardmore Municipal Airport,"Ardmore, OK",United States
ADQ,Kodiak Airport,"Kodiak, AK",United States
ADS,Addison Airport,"Dallas, TX",United States
ADT,Ada Regional Airport,"Ada, OK",United States
ADW,Joint Base Andrews,"Camp Springs, MD",United States
ADZ,Gustavo Rojas Pinilla International Airport,"San Andres Island, Colombia",Colombia
AEP,Aeroparque Jorge Newbery,"Buenos Aires, Argentina",Argentina
AET,Allakaket Airport,"Allakaket, AK",United States
AEX,Alexandria International Airport,"Alexandria, LA",United States
AEY,Akureyri International Airport,"Akureyri, Iceland",Iceland
AFW,Perot Field/Fort Worth Alliance Airport,"Dallas/Fort Worth, TX",United States
AGC,Allegheny County Airport,"Pittsburgh, PA",United States
AGN,Angoon Seaplane Base,"Angoon, AK",United States
AGP,Málaga-Costa del Sol Airport,"Malaga, Spain",Spain
AGS,Augusta Regional At Bush Field,"Augusta, GA",United States
AGT,Guaraní International Airport,"Ciudad del Este, Paraguay",Paraguay
AGU,Aguascalientes International Airport,"Aguascalientes, Mexico",Mexico
AHN,Athens Ben Epps Airport,"Athens, GA",United States
AIA,Alliance Municipal Airport,"Alliance, NE",United States
AIN,Wainwright Airport,"Wainwright, AK",United States
AJU,Aracaju - Santa Maria Airport,"Aracaju, Brazil",Brazil
AK2,Bear Fish Camp Airport,"Bear Fish Camp, AK",United States
AK5,Qugruc Airport,"Qugruc, AK",United States
AK6,Gold King 2 Airport,"Gold King 2, AK",United States
AK8,Zips Airport,"Zips, AK",United States
AKB,Atka Airport,"Atka, AK",United States
AKC,Akron Fulton International Airport,"Akron, OH",United States
AKI,Akiak Airport,"Akiak, AK",United States
AKK,Akhiok Airport,"Akhiok, AK",United States
AKL,Auckland International Airport,"Auckland, New Zealand",New Zealand
AKN,King Salmon Airport,"King Salmon, AK",United States
AKP,Anaktuvuk Pass Airport,"Anaktuvuk Pass, AK",United States
AL9,Merkel Field Sylacauga Municipal,"Sylacauga, AL",United States
ALB,Albany International Airport,"Albany, NY",United States
ALM,Alamogordo White Sands Regional Airport,"Alamogordo, NM",United States
ALN,St Louis Regional Airport,"Alton, IL",United States
ALO,Waterloo Regional Airport,"Waterloo, IA",United States
ALS,San Luis Valley Regional Airport/Bergman Field,"Alamosa, CO",United States
ALW,Walla Walla Regional Airport,"Walla Walla, WA",United States
ALZ,Alitak Seaplane Base,"Lazy Bay, AK",United States
AMA,Rick Husband Amarillo International Airport,"Amarillo, TX",United States
AMD,Sardar Vallabh Patel International Airport,"Ahmedabad, India",India
AMM,Queen Alia International Airport,"Amman, Jordan",Jordan
AMS,Amsterdam Airport Schiphol,"Amsterdam, Netherlands",Netherlands
ANB,Anniston Regional Airport,"Anniston, AL",United States
ANC,Ted Stevens Anchorage International Airport,"Anchorage, AK",United States
AND,Anderson Regional Airport,"Anderson, SC",United States
ANF,Andrés Sabella Gálvez International Airport,"Antofagasta, Chile",Chile
ANI,Aniak Airport,"Aniak, AK",United States
ANU,V. C. Bird International Airport,"St. Johns, Antigua and Barbuda",Antigua and Barbuda
ANV,Anvik Airport,"Anvik, AK",United States
AOO,Altoona Blair County Airport,"Altoona, PA",United States
AOS,Amook Bay Seaplane Base,"Amook Bay, AK",United States
APA,Centennial Airport,"Denver, CO",United States
APC,Napa County Airport,"Napa, CA",United States
APF,Naples Municipal Airport,"Naples, FL",United States
APN,Alpena County Regional Airport,"Alpena, MI",United States
APW,Faleolo International Airport,"Apia, Samoa",Samoa
AQY,Girdwood-Alyeska Airport,"Girdwood, AK",United States
ARA,Acadiana Regional Airport,"New Iberia, LA",United States
ARC,Arctic Village Airport,"Arctic Village, AK",United States
ARG,Walnut Ridge Regional Airport,"Walnut Ridge, AR",United States
ARI,Chacalluta International Airport,"Arica, Chile",Chile
ARN,Stockholm-Arlanda Airport,"Stockholm, Sweden",Sweden
ART,Watertown International Airport,"Watertown, NY",United States
ASD,Andros Town Airport,"Andros Town, The Bahamas",The Bahamas
ASE,Aspen-Pitkin County Airport (Sardy Field),"Aspen, CO",United States
ASI,RAF Ascension Island,"Ascension Island, Saint Helena, Ascension, and Tristan da Cunha","Saint Helena, Ascension, and Tristan da Cunha"
ASN,Talladega Municipal Airport,"Talladega, AL",United States
AST,Astoria Regional Airport,"Astoria/Seaside, OR",United States
ASU,Silvio Pettirossi International Airport,"Asuncion, Paraguay",Paraguay
ATH,Athens Eleftherios Venizelos International Airport,"Athens, Greece",Greece
ATK,Atqasuk Edward Burnell Sr Memorial Airport,"Atqasuk, AK",United States
ATL,Hartsfield Jackson Atlanta International Airport,"Atlanta, GA",United States
ATQ,Sri Guru Ram Das Ji International Airport,"Amritsar, India",India
ATT,Atmautluak Airport,"Atmautluak, AK",United States
ATW,Appleton International Airport,"Appleton, WI",United States
ATY,Watertown Regional Airport,"Watertown, SD",United States
AUA,Queen Beatrix International Airport,"Aruba, Aruba",Aruba
AUG,Augusta State Airport,"Augusta/Waterville, ME",United States
AUH,Zayed International Airport,"Abu Dhabi, United Arab Emirates",United Arab Emirates
AUK,Alakanuk Airport,"Alakanuk, AK",United States
AUO,Auburn University Regional Airport,"Auburn, AL",United States
AUS,Austin Bergstrom International Airport,"Austin, TX",United States
AVL,Asheville Regional Airport,"Asheville, NC",United States
AVP,Wilkes-Barre/Scranton International Airport,"Scranton/Wilkes-Barre, PA",United States
AWK,Wake Island Airfield,"Wake Island, TT",United States
AWM,West Memphis Municipal Airport,"West Memphis, AR",United States
AXA,Clayton J. Lloyd International Airport,"The Valley, Anguilla",Anguilla
AXM,El Eden Airport,"Armenia, Colombia",Colombia
AXN,Chandler Field,"Alexandria, MN",United States
AXX,Angel Fire Airport,"Eagle Nest, NM",United States
AYT,Antalya International Airport,"Antalya, Turkey",Turkey
AZA,Mesa Gateway Airport,"Phoenix, AZ",United States
AZO,Kalamazoo/Battle Creek International Airport,"Kalamazoo, MI",United States
AZS,Samaná El Catey International Airport,"Samana, Dominican Republic",Dominican Republic
BAD,Barksdale Air Force Base,"Shreveport, LA",United States
BAF,Westfield-Barnes Regional Airport,"Westfield, MA",United States
BAH,Bahrain International Airport,"Manama, Bahrain",Bahrain
BAQ,Ernesto Cortissoz International Airport,"Barranquilla, Colombia",Colombia
BBC,Bay City Regional Airport,"Bay City, TX",United States
BC3,Bliss Landing Water Aerodrome,"Bliss Landing, Canada",Canada
BC5,Dent Island Lodge,"Dent Island, Canada",Canada
BC6,Egmont Water Aerodrome,"Egmont, Canada",Canada
BC7,Sonora Resort,"Sonora Island, Canada",Canada
BC8,Pacific Outback Resort,"Hanson Island, Canada",Canada
BC9,Mink Island Water Aerodrome,"Mink Island, Canada",Canada
BCN,Josep Tarradellas Barcelona-El Prat Airport,"Barcelona, Spain",Spain
BCT,Boca Raton Airport,"Boca Raton, FL",United States
BDA,L.F. Wade International Airport,"Hamilton, Bermuda",Bermuda
BDL,Bradley International Airport,"Hartford, CT",United States
BDR,Igor I Sikorsky Memorial Airport,"Bridgeport, CT",United States
BED,Laurence G Hanscom Field,"Bedford, MA",United States
BEG,Belgrade Nikola Tesla Airport,"Belgrade, Serbia",Serbia
BEL,Val de Cans/Júlio Cezar Ribeiro International Airport,"Belem, Brazil",Brazil
BER,Berlin Brandenburg Airport,"Berlin, Germany",Germany
BES,Brest Bretagne airport,"Brest, France",France
BET,Bethel Airport,"Bethel, AK",United States
BFB,Blue Fox Bay Airport,"Blue Fox Bay, AK",United States
BFD,Bradford Regional Airport,"Bradford, PA",United States
BFF,Western Neb. Rgnl/William B. Heilig Airport,"Scottsbluff, NE",United States
BFI,King County International Airport - Boeing Field,"Seattle, WA",United States
BFL,Meadows Field,"Bakersfield, CA",United States
BFM,Mobile Downtown Airport,"Mobile, AL",United States
BFS,Belfast International Airport,"Belfast, United Kingdom",United Kingdom
BGA,Palonegro Airport,"Bucaramanga, Colombia",Colombia
BGI,Grantley Adams International Airport,"Barbados/Bridgetown, Barbados",Barbados
BGM,Greater Binghamton/Edwin A Link field,"Binghamton, NY",United States
BGO,"Bergen Airport, Flesland","Bergen, Norway",Norway
BGR,Bangor International Airport,"Bangor, ME",United States
BHB,Hancock County-Bar Harbor Airport,"Bar Harbor, ME",United States
BHM,Birmingham-Shuttlesworth International Airport,"Birmingham, AL",United States
BHX,Birmingham Airport,"Birmingham, United Kingdom",United Kingdom
BIC,Aérodrome de Belle Île,"Big Creek, AK",United States
BID,Block Island State Airport,"Block Island, RI",United States
BIF,Biggs Army Air Field (Fort Bliss),"El Paso, TX",United States
BIG,Allen Army Airfield,"Big Delta, AK",United States
BIH,Eastern Sierra Regional Airport,"Bishop, CA",United States
BIL,Billings Logan International Airport,"Billings, MT",United States
BIM,South Bimini Airport,"Bimini, The Bahamas",The Bahamas
BIO,Bilbao Airport,"Bilbao, Spain",Spain
BIS,Bismarck Municipal Airport,"Bismarck/Mandan, ND",United States
BIX,Keesler Air Force Base,"Biloxi, MS",United States
BJC,Rocky Mountain Metropolitan Airport,"Broomfield, CO",United States
BJI,Bemidji Regional Airport,"Bemidji, MN",United States
BJL,Banjul International Airport,"Banjul, The Gambia",The Gambia
BJV,Milas Bodrum International Airport,"Bodrum, Turkey",Turkey
BJX,Guanajuato International Airport,"Leon/Guanajuato, Mexico",Mexico
BKC,Buckland Airport,"Buckland, AK",United States
BKG,Branson Airport,"Branson, MO",United States
BKK,Suvarnabhumi Airport,"Bangkok, Thailand",Thailand
BKL,Burke Lakefront Airport,"Cleveland, OH",United States
BKW,Raleigh County Memorial Airport,"Beckley, WV",United States
BLA,General José Antonio Anzoategui International Airport,"Barcelona, Venezuela",Venezuela
BLD,Boulder City Municipal Airport,"Boulder City, NV",United States
BLI,Bellingham International Airport,"Bellingham, WA",United States
BLM,Monmouth Executive Airport,"Belmar/Farmingdale, NJ",United States
BLQ,Bologna Guglielmo Marconi Airport,"Bologna, Italy",Italy
BLR,Kempegowda International Airport Bengaluru,"Bangalore, India",India
BLV,Scott AFB/Midamerica Airport,"Belleville, IL",United States
BMG,Monroe County Airport,"Bloomington, IN",United States
BMI,Central Illinois Regional Airport at Bloomington-Normal,"Bloomington/Normal, IL",United States
BMX,Big Mountain Airport,"Big Mountain, AK",United States
BNA,Nashville International Airport,"Nashville, TN",United States
BNE,Brisbane International Airport,"Brisbane, Australia",Australia
BNF,Baranof Warm Springs Float and Seaplane Base,"Baranof, AK",United States
BNH,Cape Air Seaplanes on Boston Harbor Seaplane Base,"Boston, MA",United States
BOD,Bordeaux–Mérignac Airport,"Bordeaux, France",France
BOG,El Dorado International Airport,"Bogota, Colombia",Colombia
BOI,Boise Air Terminal/Gowen Field,"Boise, ID",United States
BOM,Chhatrapati Shivaji Maharaj International Airport,"Mumbai, India",India
BON,Flamingo International Airport,"Bonaire, Bonaire, Sint Eustatius, and Saba","Bonaire, Sint Eustatius, and Saba"
BOS,Boston Logan International Airport,"Boston, MA",United States
BOX,Borroloola Airport,"Borroloola, Australia",Australia
BPT,Jack Brooks Regional Airport,"Beaumont/Port Arthur, TX",United States
BQK,Brunswick Golden Isles Airport,"Brunswick, GA",United States
BQN,Rafael Hernández International Airport,"Aguadilla, PR",United States
BRD,Brainerd Lakes Regional Airport,"Brainerd, MN",United States
BRI,Bari Karol Wojtyła International Airport,"Bari, Italy",Italy
BRL,Southeast Iowa Regional Airport,"Burlington, IA",United States
BRO,Brownsville South Padre Island International Airport,"Brownsville, TX",United States
BRS,Bristol Airport,"Bristol, United Kingdom",United Kingdom
BRU,Brussels Airport,"Brussels, Belgium",Belgium
BRW,Wiley Post Will Rogers Memorial Airport,"Barrow, AK",United States
BS1,Goat Cay Airport,"Goat Cay, The Bahamas",The Bahamas
BS3,Baker Bay Airport,"Baker Bay, The Bahamas",The Bahamas
BSB,Presidente Juscelino Kubitschek International Airport,"Brasilia, Brazil",Brazil
BSL,EuroAirport Basel–Mulhouse–Freiburg,"Mulhouse, France",France
BTI,Barter Island Long Range Radar Station Airport,"Barter Island, AK",United States
BTL,Battle Creek Executive Airport at Kellogg Field,"Battle Creek, MI",United States
BTM,Bert Mooney Airport,"Butte, MT",United States
BTR,Baton Rouge Metropolitan Airport,"Baton Rouge, LA",United States
BTS,M. R. Štefánik Airport,"Bratislava, Slovakia",Slovakia
BTT,Bettles Airport,"Bettles, AK",United States
BTV,Patrick Leahy Burlington International Airport,"Burlington, VT",United States
BUD,Budapest Liszt Ferenc International Airport,"Budapest, Hungary",Hungary
BUF,Buffalo Niagara International Airport,"Buffalo, NY",United States
BUR,Hollywood Burbank/Bob Hope Airport,"Burbank, CA",United States
BVB,Atlas Brasil Cantanhede International Airport,"Boa Vista, Brazil",Brazil
BVU,Beluga Airport,"Beluga, AK",United States
BVY,Beverly Regional Airport,"Beverly, MA",United States
BWC,Brawley Municipal Airport,"Brawley, CA",United States
BWG,Bowling Green Warren County Regional Airport,"Bowling Green, KY",United States
BWI,Baltimore/Washington International Thurgood Marshall Airport,"Baltimore, MD",United States
BYH,Arkansas International Airport,"Blytheville, AR",United States
BZE,Philip S. W. Goldson International Airport,"Belize City, Belize",Belize
BZN,Bozeman Yellowstone International Airport,"Bozeman, MT",United States
C01,Camarillo Airport,"Camarillo, CA",United States
CAE,Columbia Metropolitan Airport,"Columbia, SC",United States
CAI,Cairo International Airport,"Cairo, Egypt",Egypt
CAK,Akron Canton Regional Airport,"Akron, OH",United States
CAN,Guangzhou Baiyun International Airport,"Guangzhou, China",China
CAP,Cap Haitien International Airport,"Cap-Haitien, Haiti",Haiti
CBA,Alpine Heliport,"Corner Bay, AK",United States
CBB,Jorge Wilsterman International Airport,"Cochabamba, Bolivia",Bolivia
CBR,Canberra Airport,"Canberra, Australia",Australia
CCC,Jardines Del Rey Airport,"Cayo Coco, Cuba",Cuba
CCP,Carriel Sur International Airport,"Concepcion, Chile",Chile
CCR,Buchanan Field,"Concord, CA",United States
CCS,Maiquetía Simón Bolívar International Airport,"Caracas, Venezuela",Venezuela
CCZ,Chub Cay Airport,"Chub Cay, The Bahamas",The Bahamas
CDB,Cold Bay Airport,"Cold Bay, AK",United States
CDC,Cedar City Regional Airport,"Cedar City, UT",United States
CDG,Charles de Gaulle International Airport,"Paris, France",France
CDL,Candle 2 Airport,"Candle, AK",United States
CDR,Chadron Municipal Airport,"Chadron, NE",United States
CDV,Merle K (Mudhole) Smith Airport,"Cordova, AK",United States
CDW,Essex County Airport,"Caldwell, NJ",United States
CEB,Mactan Cebu International Airport,"Lapu-Lapu City, Philippines",Philippines
CEC,Jack Mc Namara Field Airport,"Crescent City, CA",United States
CEF,Westover Metropolitan Airport / Westover Air Reserve Base,"Chicopee Falls, MA",United States
CEM,Central Airport,"Central, AK",United States
CEN,Ciudad Obregón International Airport,"Ciudad Obregon, Mexico",Mexico
CEX,Chena Hot Springs Airport,"Chena Hot Springs, AK",United States
CEZ,Cortez Municipal Airport,"Cortez, CO",United States
CFA,Coffee Point Airport,"Coffee Point, AK",United States
CFG,Jaime Gonzalez Airport,"Cienfuegos, Cuba",Cuba
CGA,Craig Seaplane Base,"Craig, AK",United States
CGF,Cuyahoga County Airport,"Cleveland, OH",United States
CGI,Cape Girardeau Regional Airport,"Cape Girardeau, MO",United States
CGN,Cologne Bonn Airport,"Cologne, Germany",Germany
CGO,Zhengzhou Xinzheng International Airport,"Zhengzhou, China",China
CHA,Chattanooga Metropolitan Airport (Lovell Field),"Chattanooga, TN",United States
CHC,Christchurch International Airport,"Christchurch, New Zealand",New Zealand
CHO,Charlottesville Albemarle Airport,"Charlottesville, VA",United States
CHP,Circle Hot Springs Airport,"Circle Hot Springs, AK",United States
CHS,Charleston International Airport,"Charleston, SC",United States
CHU,Chuathbaluk Airport,"Chuathbaluk, AK",United States
CIC,Chico Regional Airport,"Chico, CA",United States
CID,The Eastern Iowa Airport,"Cedar Rapids/Iowa City, IA",United States
CIK,Chalkyitsik Airport,"Chalkyitsik, AK",United States
CIL,Council Airport,"Council, AK",United States
CIU,Chippewa County International Airport,"Sault Ste. Marie, MI",United States
CIX,Capitán FAP José A. Quiñones González International Airport,"Chiclayo, Peru",Peru
CJS,Abraham González International Airport,"Ciudad Juarez, Mexico",Mexico
CJU,Jeju International Airport,"Jeju, South Korea",South Korea
CKB,North Central West Virginia Airport,"Clarksburg/Fairmont, WV",United States
CKD,Crooked Creek Airport,"Crooked Creek, AK",United States
CKG,Chongqing Jiangbei International Airport,"Chongqing, China",China
CKX,Chicken Airport,"Chicken, AK",United States
CLD,McClellan-Palomar Airport,"Carlsbad, CA",United States
CLE,Cleveland Hopkins International Airport,"Cleveland, OH",United States
CLL,Easterwood Field,"College Station/Bryan, TX",United States
CLM,William R Fairchild International Airport,"Port Angeles, WA",United States
CLO,Alfonso Bonilla Aragon International Airport,"Cali, Colombia",Colombia
CLP,Clarks Point Airport,"Clarks Point, AK",United States
CLT,Charlotte Douglas International Airport,"Charlotte, NC",United States
CME,Ciudad del Carmen International Airport,"Ciudad del Carmen, Mexico",Mexico
CMH,John Glenn Columbus International Airport,"Columbus, OH",United States
CMI,University of Illinois Willard Airport,"Champaign/Urbana, IL",United States
CMN,Mohammed V International Airport,"Casablanca, Morocco",Morocco
CMW,Ignacio Agramonte International Airport,"Camaguey, Cuba",Cuba
CMX,Houghton County Memorial Airport,"Hancock/Houghton, MI",United States
CN2,Mimmo Bay Water Aerodrome,"Nimmo Bay, Canada",Canada
CN4,Princess Louisa Marina Provincial Park,"Princess Lousia Inlet, Canada",Canada
CN5,Rendezvous Islands Water Aerodrome,"Rendezvous Islands, Canada",Canada
CN6,Shawl Bay Water Aerodrome,"Shawl Bay, Canada",Canada
CN9,Sointula Water Aerodrome,"Sointula, Canada",Canada
CNF,Tancredo Neves International Airport,"Belo Horizonte, Brazil",Brazil
CNM,Cavern City Air Terminal,"Carlsbad, NM",United States
CNS,Cairns International Airport,"Cairns, Australia",Australia
CNW,TSTC Waco Airport,"Waco, TX",United States
CNY,Canyonlands Regional Airport,"Moab, UT",United States
CO1,Monte Vista Municipal,"Monte Vista, CO",United States
COD,Yellowstone Regional Airport,"Cody, WY",United States
COR,Ingeniero Aeronáutico Ambrosio L.V. Taravella International Airport,"Cordoba, Argentina",Argentina
COS,City of Colorado Springs Municipal Airport,"Colorado Springs, CO",United States
COU,Columbia Regional Airport,"Columbia, MO",United States
CPE,Ingeniero Alberto Acuña Ongay International Airport,"Campeche, Mexico",Mexico
CPH,Copenhagen Kastrup Airport,"Copenhagen, Denmark",Denmark
CPR,Casper-Natrona County International Airport,"Casper, WY",United States
CPS,St Louis Downtown Airport,"St. Louis, MO",United States
CPT,Cape Town International Airport,"Cape Town, South Africa",South Africa
CPX,Benjamin Rivera Noriega Airport,"Culebra, PR",United States
CRK,Clark International Airport / Clark Air Base,"Luzon Island, Philippines",Philippines
CRP,Corpus Christi International Airport,"Corpus Christi, TX",United States
CRW,Yeager Airport,"Charleston/Dunbar, WV",United States
CSG,Columbus Airport,"Columbus, GA",United States
CSX,Changsha Huanghua International Airport,"Changsha, China",China
CT8,Sbctbh,"Belie Haven, CT",United States
CTA,Catania-Fontanarossa Airport,"Catania, Italy",Italy
CTG,Rafael Nuñez International Airport,"Cartagena, Colombia",Colombia
CTM,Chetumal International Airport,"Chetumal, Mexico",Mexico
CTS,New Chitose Airport,"Sapporo, Japan",Japan
CTU,Chengdu Shuangliu International Airport,"Chengdu, China",China
CUL,Bachigualato Federal International Airport,"Culiacan, Mexico",Mexico
CUN,Cancún International Airport,"Cancun, Mexico",Mexico
CUR,Hato International Airport,"Willemstad, Curacao",Curacao
CUU,General Roberto Fierro Villalobos International Airport,"Chihuahua, Mexico",Mexico
CVG,Cincinnati Northern Kentucky International Airport,"Cincinnati, OH",United States
CVM,General Pedro Jose Mendez International Airport,"Ciudad Victoria, Mexico",Mexico
CVN,Clovis Municipal Airport,"Clovis, NM",United States
CVO,Corvallis Municipal Airport,"Corvallis, OR",United States
CWA,Central Wisconsin Airport,"Mosinee, WI",United States
CWB,Curitiba-Afonso Pena International Airport,"Curitiba, Brazil",Brazil
CWF,Chennault International Airport,"Lake Charles, LA",United States
CWL,Cardiff International Airport,"Cardiff, United Kingdom",United Kingdom
CXF,Coldfoot Airport,"Coldfoot, AK",United States
CXH,Vancouver Harbour Water Aerodrome,"Vancouver, Canada",Canada
CXI,Cassidy International Airport,"Christmas Island, Kiribati",Kiribati
CXL,Calexico International Airport,"Calexico, CA",United States
CXY,Cat Cay Airport,"Cat Cay, The Bahamas",The Bahamas
CYB,Charles Kirkconnell International Airport,"Cayman Brac, Cayman Islands",Cayman Islands
CYF,Chefornak Airport,"Chefornak, AK",United States
CYM,Chatham Seaplane Base,"Chatham, AK",United States
CYS,Cheyenne Regional Jerry Olson Field,"Cheyenne, WY",United States
CYT,Yakataga Airport,"Cape Yakataga, AK",United States
CZF,Cape Romanzof LRRS Airport,"Cape Romanzof, AK",United States
CZM,Cozumel International Airport,"Cozumel, Mexico",Mexico
CZN,Chisana Airport,"Chisana, AK",United States
DAB,Daytona Beach International Airport,"Daytona Beach, FL",United States
DAL,Dallas Love Field,"Dallas, TX",United States
DAY,James M. Cox Dayton International Airport,"Dayton, OH",United States
DBQ,Dubuque Regional Airport,"Dubuque, IA",United States
DBV,Dubrovnik Ruđer Bošković Airport,"Dubrovnik, Croatia",Croatia
DCA,Ronald Reagan Washington National Airport,"Washington, DC",United States
DCK,Dahl Creek Airport,"Dahl Creek, AK",United States
DCU,Pryor Field Regional Airport,"Decatur, AL",United States
DDC,Dodge City Regional Airport,"Dodge City, KS",United States
DEC,Decatur Airport,"Decatur, IL",United States
DEL,Indira Gandhi International Airport,"Delhi, India",India
DEN,Denver International Airport,"Denver, CO",United States
DFW,Dallas Fort Worth International Airport,"Dallas/Fort Worth, TX",United States
DGB,Danger Bay Airport,"Danger Bay, AK",United States
DGO,General Guadalupe Victoria International Airport,"Durango, Mexico",Mexico
DHB,Deer Harbor SPB,"Deer Harbor, WA",United States
DHN,Dothan Regional Airport,"Dothan, AL",United States
DIK,Dickinson Theodore Roosevelt Regional Airport,"Dickinson, ND",United States
DIO,Diomede Heliport,"Diomede Island, AK",United States
DJN,Delta Junction Airport,"Delta Junction, AK",United States
DKR,Léopold Sédar Senghor International Airport,"Dakar, Senegal",Senegal
DLC,Dalian Zhoushuizi International Airport,"Dalian, China",China
DLG,Dillingham Airport,"Dillingham, AK",United States
DLH,Duluth International Airport,"Duluth, MN",United States
DLM,Dalaman International Airport,"Dalaman, Turkey",Turkey
DLS,Columbia Gorge Regional Airport,"The Dalles, OR",United States
DME,Domodedovo International Airport,"Moscow, Russia",Russia
DMM,King Fahd International Airport,"Dammam, Saudi Arabia",Saudi Arabia
DMN,Deming Municipal Airport,"Deming, NM",United States
DNN,Dalton Municipal Airport,"Dalton, GA",United States
DOF,Dora Bay Airport,"Dora Bay, AK",United States
DOH,Hamad International Airport,"Doha, Qatar",Qatar
DOM,Douglas-Charles Airport,"Marigot, Dominica",Dominica
DOV,Dover Civil Air Terminal/Dover Air Force Base,"Dover, DE",United States
DPA,Dupage Airport,"Chicago, IL",United States
DPS,Denpasar I Gusti Ngurah Rai International Airport,"Denpasar, Indonesia",Indonesia
DQK,Wheeler-Sack AAF,"Fort Drum, NY",United States
DQL,Lake Hood,"Anchorage, AK",United States
DQR,Grand Canyon West,"Peach Springs, AZ",United States
DQS,Grand Canyon Bar Ten Airstrip,"Whitmore, AZ",United States
DQU,Neets Bay,"Ketchikan, AK",United States
DRF,Drift River Airport,"Drift River, AK",United States
DRG,Deering Airport,"Deering, AK",United States
DRO,Durango La Plata County Airport,"Durango, CO",United States
DRT,Del Rio International Airport,"Del Rio, TX",United States
DSA,Doncaster Sheffield,"Finningley, United Kingdom",United Kingdom
DSI,Destin Executive Airport,"Destin, FL",United States
DSM,Des Moines International Airport,"Des Moines, IA",United States
DSS,Blaise Diagne International Airport,"Dakar Thies, Senegal",Senegal
DTO,Denton Enterprise,"Denton, TX",United States
DTR,Decatur Shores Airport,"Decatur Island, WA",United States
DTT,Detroit Metropolitan Area,"Detroit, MI",United States
DTW,Detroit Metropolitan Wayne County Airport,"Detroit, MI",United States
DUB,Dublin Airport,"Dublin, Ireland",Ireland
DUJ,DuBois Regional Airport,"DuBois, PA",United States
DUS,Düsseldorf Airport,"Dusseldorf, Germany",Germany
DUT,Tom Madsen (Dutch Harbor) Airport,"Unalaska, AK",United States
DVL,Devils Lake Regional Airport,"Devils Lake, ND",United States
DVO,Francisco Bangoy International Airport,"Davao, Philippines",Philippines
DVT,Phoenix Deer Valley Airport,"Phoenix, AZ",United States
DWC,Al Maktoum International Airport,"Jebel Ali, United Arab Emirates",United Arab Emirates
DWH,David Wayne Hooks Memorial Airport,"Houston, TX",United States
DXB,Dubai International Airport,"Dubai, United Arab Emirates",United Arab Emirates
DXR,Danbury Municipal Airport,"Danbury, CT",United States
DYS,Dyess Air Force Base,"Abilene, TX",United States
EAA,Eagle Airport,"Eagle, AK",United States
EAR,Kearney Regional Airport,"Kearney, NE",United States
EAT,Pangborn Memorial Airport,"Wenatchee, WA",United States
EAU,Chippewa Valley Regional Airport,"Eau Claire, WI",United States
ECP,Northwest Florida Beaches International Airport,"Panama City, FL",United States
EDA,Edna Bay Seaplane Base,"Edna Bay, AK",United States
EDF,Elmendorf Air Force Base,"Anchorage, AK",United States
EDI,Edinburgh Airport,"Edinburgh, United Kingdom",United Kingdom
EDW,Edwards Air Force Base,"Edwards, CA",United States
EEK,Eek Airport,"Eek, AK",United States
EEN,Dillant Hopkins Airport,"Keene, NH",United States
EFD,Ellington Airport,"Houston, TX",United States
EGA,Engati Airstrip,"Chenega, AK",United States
EGE,Eagle County Regional Airport,"Eagle, CO",United States
EGX,Egegik Airport,"Egegik, AK",United States
EHM,Cape Newenham LRRS Airport,"Cape Newenham, AK",United States
EHR,Eagle Harbor Airport,"Eagle Harbor, AK",United States
EIN,Eindhoven Airport,"Eindhoven, Netherlands",Netherlands
EIS,Terrance B. Lettsome International Airport,"Road Town, British Virgin Islands",British Virgin Islands
EKO,Elko Regional Airport,"Elko, NV",United States
ELD,South Arkansas Regional Airport at Goodwin Field,"El Dorado, AR",United States
ELH,North Eleuthera Airport,"North Eleuthera, The Bahamas",The Bahamas
ELI,Elim Airport,"Elim, AK",United States
ELM,Elmira Corning Regional Airport,"Elmira/Corning, NY",United States
ELP,El Paso International Airport,"El Paso, TX",United States
ELV,Elfin Cove Seaplane Base,"Elfin Cove, AK",United States
ELY,Ely Airport Yelland Field,"Ely, NV",United States
EMA,East Midlands Airport,"Derby, United Kingdom",United Kingdom
EMK,Emmonak Airport,"Emmonak, AK",United States
ENA,Kenai Municipal Airport,"Kenai, AK",United States
ENN,Nenana Municipal Airport,"Nenana, AK",United States
ENV,Wendover Airport,"Wendover, UT",United States
ERI,Erie International Tom Ridge Field,"Erie, PA",United States
ESB,Esenboğa International Airport,"Ankara, Turkey",Turkey
ESC,Delta County Airport,"Escanaba, MI",United States
ESD,Orcas Island Airport,"Eastsound, WA",United States
EUG,Eugene Airport,"Eugene, OR",United States
EVV,Evansville Regional Airport,"Evansville, IN",United States
EWB,New Bedford Regional Airport,"New Bedford/Fall River, MA",United States
EWN,Coastal Carolina Regional Airport,"New Bern/Morehead/Beaufort, NC",United States
EWR,Newark Liberty International Airport,"Newark, NJ",United States
EXI,Excursion Inlet Seaplane Base,"Excursion Inlet, AK",United States
EYW,Key West International Airport,"Key West, FL",United States
EZE,Ezeiza International Airport - Ministro Pistarini,"Ezeiza, Argentina",Argentina
FAB,Farnborough Airport,"Farnborough, United Kingdom",United Kingdom
FAI,Fairbanks International Airport,"Fairbanks, AK",United States
FAO,Faro - Gago Coutinho International Airport,"Faro, Portugal",Portugal
FAQ,Frieda River Airport,"Fitiuta Village, TT",United States
FAR,Hector International Airport,"Fargo, ND",United States
FAT,Fresno Yosemite International Airport,"Fresno, CA",United States
FAY,Fayetteville Regional Airport - Grannis Field,"Fayetteville, NC",United States
FBK,Ladd Army Airfield,"Fairbanks, AK",United States
FBS,Friday Harbor Seaplane Base,"Friday Harbor, WA",United States
FCA,Glacier Park International Airport,"Kalispell, MT",United States
FCM,Flying Cloud Airport,"Minneapolis, MN",United States
FCO,Rome–Fiumicino Leonardo da Vinci International Airport,"Rome, Italy",Italy
FDF,Martinique Aimé Césaire International Airport,"Fort de France, Martinique",Martinique
FFM,Fergus Falls Municipal Airport - Einar Mickelson Field,"Fergus Falls, MN",United States
FGI,Fagali'i Airport,"Apia, Samoa",Samoa
FHU,Sierra Vista Municipal Airport / Libby Army Air Field,"Fort Huachuca, AZ",United States
FKL,Venango Regional Airport,"Franklin/Oil City, PA",United States
FLG,Flagstaff Pulliam Airport,"Flagstaff, AZ",United States
FLL,Fort Lauderdale Hollywood International Airport,"Fort Lauderdale, FL",United States
FLO,Florence Regional Airport,"Florence, SC",United States
FLT,Flat Airport,"Flat, AK",United States
FMN,Four Corners Regional Airport,"Farmington, NM",United States
FNC,Cristiano Ronaldo International Airport,"Funchal, Portugal",Portugal
FNL,Northern Colorado Regional Airport,"Fort Collins/Loveland, CO",United States
FNR,Funter Bay Seaplane Base,"Funter Bay Alaska, AK",United States
FNT,Bishop International Airport,"Flint, MI",United States
FOC,Fuzhou Changle International Airport,"Fuzhou, China",China
FOD,Fort Dodge Regional Airport,"Fort Dodge, IA",United States
FOE,Topeka Regional Airport,"Topeka, KS",United States
FOK,Francis S Gabreski Airport,"Westhampton, NY",United States
FOR,Pinto Martins International Airport,"Fortaleza, Brazil",Brazil
FPO,Grand Bahama International Airport,"Freeport, The Bahamas",The Bahamas
FPR,Treasure Coast International Airport,"Fort Pierce, FL",United States
FQW,Fort Glenn Airport,"Fort Glenn, AK",United States
FRA,Frankfurt Main Airport,"Frankfurt, Germany",Germany
FRD,Friday Harbor Airport,"Friday Harbor, WA",United States
FRG,Republic Airport,"East Farmingdale, NY",United States
FSD,Sioux Falls Regional Airport,"Sioux Falls, SD",United States
FSM,Fort Smith Regional Airport,"Fort Smith, AR",United States
FSZ,Mount Fuji Shizuoka Airport,"Shizuoka, Japan",Japan
FTG,Colorado Air and Space Port,"Denver, CO",United States
FTW,Fort Worth Meacham International Airport,"Dallas/Fort Worth, TX",United States
FTY,Fulton County Airport Brown Field,"Atlanta, GA",United States
FUK,Fukuoka Airport,"Fukuoka, Japan",Japan
FVO,Aurora State,"Aurora, OR",United States
FVQ,Donlin Creek Mine Airport,"Donlin Creek Mine, AK",United States
FVX,Grace Harbor Airport,"Grace Harbor, AK",United States
FVZ,Inigok,"Deadhorse, AK",United States
FWA,Fort Wayne International Airport,"Fort Wayne, IN",United States
FWH,NAS Fort Worth JRB / Carswell Field,"Fort Worth, TX",United States
FWL,Farewell Airport,"Farewell, AK",United States
FXE,Fort Lauderdale Executive Airport,"Fort Lauderdale, FL",United States
FYU,Fort Yukon Airport,"Fort Yukon, AK",United States
FYV,Drake Field,"Fayetteville, AR",United States
GA0,Heart of Georgia Regional,"Eastman, GA",United States
GA3,Newnan Coweta County,"Atlanta, GA",United States
GAD,Northeast Alabama Regional Airport,"Gadsden, AL",United States
GAL,Edward G. Pitka Sr Airport,"Galena, AK",United States
GAM,Gambell Airport,"Gambell, AK",United States
GBD,Great Bend Municipal Airport,"Great Bend, KS",United States
GBE,Sir Seretse Khama International Airport,"Gaborone, Botswana",Botswana
GBH,Galbraith Lake Airport,"Galbraith Lake, AK",United States
GCC,Northeast Wyoming Regional Airport,"Gillette, WY",United States
GCK,Garden City Regional Airport,"Garden City, KS",United States
GCM,Owen Roberts International Airport,"Grand Cayman, Cayman Islands",Cayman Islands
GCN,Grand Canyon National Park Airport,"Grand Canyon, AZ",United States
GDL,Guadalajara International Airport,"Guadalajara, Mexico",Mexico
GDN,Gdańsk Lech Wałęsa Airport,"Gdansk, Poland",Poland
GDV,Dawson Community Airport,"Glendive, MT",United States
GEG,Spokane International Airport,"Spokane, WA",United States
GEK,Ganes Creek Airport,"Ganes Creek, AK",United States
GEO,Cheddi Jagan International Airport,"Georgetown, Guyana",Guyana
GFK,Grand Forks International Airport,"Grand Forks, ND",United States
GFL,Floyd Bennett Memorial Airport,"Glens Falls, NY",United States
GGG,East Texas Regional Airport,"Longview, TX",United States
GGT,Exuma International Airport,"Moss Town, The Bahamas",The Bahamas
GGW,Glasgow Valley County Airport Wokal Field,"Glasgow, MT",United States
GHB,Governor's Harbour Airport,"Governors Harbour, The Bahamas",The Bahamas
GHC,Great Harbour Cay Airport,"Great Harbour Cay, The Bahamas",The Bahamas
GIG,Rio Galeão – Tom Jobim International Airport,"Rio de Janeiro, Brazil",Brazil
GJT,Grand Junction Regional Airport,"Grand Junction, CO",United States
GKN,Gulkana Airport,"Gulkana, AK",United States
GLA,Glasgow Airport,"Glasgow, United Kingdom",United Kingdom
GLD,Goodland Municipal Airport,"Goodland, KS",United States
GLH,Mid Delta Regional Airport,"Greenville, MS",United States
GLV,Golovin Airport,"Golovin, AK",United States
GMP,Seoul Gimpo International Airport,"Seoul, South Korea",South Korea
GMT,Granite Mountain Air Station,"Granite Mountain, AK",United States
GND,Maurice Bishop International Airport,"Grenada, Grenada",Grenada
GNU,Goodnews Airport,"Goodnews Bay, AK",United States
GNV,Gainesville Regional Airport,"Gainesville, FL",United States
GOA,Genoa Cristoforo Colombo Airport,"Genoa, Italy",Italy
GOH,Nuuk International Airport,"Nuuk, Greenland",Greenland
GON,Groton New London Airport,"New London/Groton, CT",United States
GOT,Göteborg Landvetter Airport,"Gothenburg, Sweden",Sweden
GPT,Gulfport Biloxi International Airport,"Gulfport/Biloxi, MS",United States
GRB,Austin Straubel International Airport,"Green Bay, WI",United States
GRI,Central Nebraska Regional Airport,"Grand Island, NE",United States
GRK,Killeen Regional Airport / Robert Gray Army Airfield,"Killeen, TX",United States
GRR,Gerald R. Ford International Airport,"Grand Rapids, MI",United States
GRU,São Paulo/Guarulhos–Governor André Franco Montoro International Airport,"Sao Paulo, Brazil",Brazil
GSO,Piedmont Triad International Airport,"Greensboro/High Point, NC",United States
GSP,Greenville-Spartanburg International Airport,"Greer, SC",United States
GST,Gustavus Airport,"Gustavus, AK",United States
GTF,Great Falls International Airport,"Great Falls, MT",United States
GTR,Golden Triangle Regional Airport,"Columbus, MS",United States
GTU,Georgetown Exec,"Georgetown, TX",United States
GUA,La Aurora International Airport,"Guatemala City, Guatemala",Guatemala
GUC,Gunnison Crested Butte Regional Airport,"Gunnison, CO",United States
GUF,Jack Edwards National Airport,"Gulf Shores, AL",United States
GUM,Antonio B. Won Pat International Airport,"Guam, TT",United States
GUP,Gallup Municipal Airport,"Gallup, NM",United States
GUS,Grissom Air Reserve Base,"Peru, IN",United States
GVA,Geneva International Airport,"Geneva, Switzerland",Switzerland
GVL,Lee Gilmer Memorial Airport,"Gainesville, GA",United States
GVT,Majors Airport,"Greenville, TX",United States
GWO,Greenwood–Leflore Airport,"Greenwood, MS",United States
GWT,Westerland Sylt Airport,"Westerland-Sylt, Germany",Germany
GYD,Heydar Aliyev International Airport,"Baku, Azerbaijan",Azerbaijan
GYE,José Joaquín de Olmedo International Airport,"Guayaquil, Ecuador",Ecuador
GYM,General José María Yáñez International Airport,"Guaymas, Mexico",Mexico
GYN,Santa Genoveva International Airport,"Goiania, Brazil",Brazil
GYR,Phoenix Goodyear Airport,"Goodyear, AZ",United States
GYY,Gary/Chicago International Airport,"Gary, IN",United States
GZT,Gaziantep Oğuzeli International Airport,"Gaziantep, Turkey",Turkey
HAE,Lava Falls Heliport,"Havasupai, AZ",United States
HAJ,Hannover Airport,"Hannover, Germany",Germany
HAK,Haikou Meilan International Airport,"Haikou, China",China
HAM,Hamburg Helmut Schmidt Airport,"Hamburg, Germany",Germany
HAV,José Martí International Airport,"Havana, Cuba",Cuba
HBI,Harbour Island Airport,"Harbour Island, The Bahamas",The Bahamas
HCR,Holy Cross Airport,"Holy Cross, AK",United States
HDN,Yampa Valley Airport,"Hayden, CO",United States
HEL,Helsinki Vantaa Airport,"Helsinki, Finland",Finland
HES,Hermiston Municipal Airport,"Hermiston, OR",United States
HET,Hohhot Baita International Airport,"Hohhot, China",China
HFD,Hartford Brainard Airport,"Hartford, CT",United States
HGH,Hangzhou Xiaoshan International Airport,"Hangzhou, China",China
HGR,Hagerstown Regional Richard A Henson Field,"Hagerstown, MD",United States
HGZ,Hog River Airport,"Hogatza, AK",United States
HHH,Hilton Head Airport,"Hilton Head, SC",United States
HHN,Frankfurt-Hahn Airport,"Hahn, Germany",Germany
HHR,Jack Northrop Field Hawthorne Municipal Airport,"Hawthorne, CA",United States
HIB,Range Regional Airport,"Hibbing, MN",United States
HIJ,Hiroshima Airport,"Hiroshima, Japan",Japan
HIO,Portland Hillsboro Airport,"Hillsboro, OR",United States
HKB,Healy Lake Airport,"Healy, AK",United States
HKG,Hong Kong International Airport,"Hong Kong, Hong Kong",Hong Kong
HLN,Helena Regional Airport,"Helena, MT",United States
HMO,General Ignacio L. Pesqueira International Airport,"Hermosillo, Mexico",Mexico
HND,Tokyo Haneda International Airport,"Tokyo, Japan",Japan
HNH,Hoonah Airport,"Hoonah, AK",United States
HNL,Daniel K. Inouye International Airport,"Honolulu, HI",United States
HNM,Hana Airport,"Hana, HI",United States
HNS,Haines Airport,"Haines, AK",United States
HOB,Lea County Regional Airport,"Hobbs, NM",United States
HOG,Frank Pais International Airport,"Holguin, Cuba",Cuba
HOM,Homer Airport,"Homer, AK",United States
HON,Huron Regional Airport,"Huron, SD",United States
HOP,Campbell Army Airfield (Fort Campbell),"Hopkinsville, KY",United States
HOT,Memorial Field Airport,"Hot Springs, AR",United States
HOU,William P. Hobby Airport,"Houston, TX",United States
HPB,Hooper Bay Airport,"Hooper Bay, AK",United States
HPN,Westchester County Airport,"White Plains, NY",United States
HRB,Harbin Taiping International Airport,"Harbin, China",China
HRL,Valley International Airport,"Harlingen/San Benito, TX",United States
HRO,Boone County Airport,"Harrison, AR",United States
HSH,Henderson Executive Airport,"Las Vegas, NV",United States
HSL,Huslia Airport,"Huslia, AK",United States
HST,Homestead Air Reserve Base,"Homestead, FL",United States
HSV,Huntsville International Airport,"Huntsville, AL",United States
HTO,Town of East Hampton Airport,"East Hampton, NY",United States
HTS,Tri-State Airport / Milton J. Ferguson Field,"Ashland, WV",United States
HUF,"Terre Haute Regional Airport, Hulman Field","Terre Haute, IN",United States
HUS,Hughes Airport,"Hughes, AK",United States
HUX,Bahías de Huatulco International Airport,"Santa Cruz/Huatulco, Mexico",Mexico
HVN,Tweed New Haven Airport,"New Haven, CT",United States
HVR,Havre City County Airport,"Havre, MT",United States
HWD,Hayward Executive Airport,"Hayward, CA",United States
HYA,Cape Cod Gateway Airport,"Hyannis, MA",United States
HYD,Rajiv Gandhi International Airport,"Hyderabad, India",India
HYG,Hydaburg Seaplane Base,"Hydaburg, AK",United States
HYL,Hollis Clark Bay Seaplane Base,"Hollis, AK",United States
HYS,Hays Regional Airport,"Hays, KS",United States
IAB,McConnell Air Force Base,"Wichita, KS",United States
IAD,Washington Dulles International Airport,"Washington, DC",United States
IAG,Niagara Falls International Airport,"Niagara Falls, NY",United States
IAH,George Bush Intercontinental Airport,"Houston, TX",United States
IAN,Bob Baker Memorial Airport,"Kiana, AK",United States
ICN,Incheon International Airport,"Seoul, South Korea",South Korea
ICT,Wichita Dwight D. Eisenhower National Airport,"Wichita, KS",United States
ICY,Icy Bay Airport,"Icy Bay, AK",United States
IDA,Idaho Falls Regional Airport,"Idaho Falls, ID",United States
IFP,Laughlin Bullhead International Airport,"Bullhead City, AZ",United States
IGG,Igiugig Airport,"Igiugig, AK",United States
IGM,Kingman Airport,"Kingman, AZ",United States
IKO,Nikolski Air Station,"Nikolski, AK",United States
IL4,Pittsfield Penstone Municipal,"Pittsfield, IL",United States
ILG,Wilmington Airport,"Wilmington, DE",United States
ILI,Iliamna Airport,"Iliamna, AK",United States
ILM,Wilmington International Airport,"Wilmington, NC",United States
ILN,Wilmington Airpark,"Wilmington, OH",United States
IML,Imperial Municipal Airport,"Imperial, NE",United States
IMT,Ford Airport,"Iron Mountain/Kingsfd, MI",United States
IND,Indianapolis International Airport,"Indianapolis, IN",United States
INL,Falls International Airport,"International Falls, MN",United States
INN,Innsbruck Airport,"Innsbruck, Austria",Austria
INS,Creech Air Force Base,"Indian Springs, NV",United States
INT,Smith Reynolds Airport,"Winston-Salem, NC",United States
IPL,Imperial County Airport,"El Centro, CA",United States
IPT,Williamsport Regional Airport,"Williamsport, PA",United States
IQQ,Diego Aracena International Airport,"Iquique, Chile",Chile
IQT,Coronel FAP Francisco Secada Vignetta International Airport,"Iquitos, Peru",Peru
IRC,Circle City (New) Airport,"Circle, AK",United States
IRK,Kirksville Regional Airport,"Kirksville, MO",United States
ISL,İstanbul Atatürk Airport,"Istanbul, Turkey",Turkey
ISM,Kissimmee Gateway Airport,"Orlando, FL",United States
ISN,Sloulin Field International,"Williston, ND",United States
ISO,Kinston Regional Jetport At Stallings Field,"Kinston, NC",United States
ISP,Long Island MacArthur Airport,"Islip, NY",United States
IST,İstanbul Airport,"Istanbul, Turkey",Turkey
ITH,Ithaca Tompkins Regional Airport,"Ithaca/Cortland, NY",United States
ITO,Hilo International Airport,"Hilo, HI",United States
IWD,Gogebic Iron County Airport,"Ironwood, MI",United States
IWO,Ioto (Iwo Jima) Airbase,"Iwoto, Japan",Japan
IYK,Inyokern Airport,"Inyokern, CA",United States
JAC,Jackson Hole Airport,"Jackson, WY",United States
JAI,Jaipur International Airport,"Jaipur, India",India
JAN,Jackson-Medgar Wiley Evers International Airport,"Jackson/Vicksburg, MS",United States
JAX,Jacksonville International Airport,"Jacksonville, FL",United States
JBR,Jonesboro Municipal Airport,"Jonesboro, AR",United States
JDX,Houston Central Business District Heliport,"Houston, TX",United States
JED,King Abdulaziz International Airport,"Jeddah, Saudi Arabia",Saudi Arabia
JFK,John F. Kennedy International Airport,"New York, NY",United States
JGC,Grand Canyon Heliport,"Grand Canyon, AZ",United States
JHM,Kapalua Airport,"Kapalua, HI",United States
JHW,Chautauqua County-Jamestown Airport,"Jamestown, NY",United States
JLA,Quartz Creek Airport,"Cooper Lodge, AK",United States
JLN,Joplin Regional Airport,"Joplin, MO",United States
JMS,Jamestown Regional Airport,"Jamestown, ND",United States
JNB,O.R. Tambo International Airport,"Johannesburg, South Africa",South Africa
JNU,Juneau International Airport,"Juneau, AK",United States
JQF,Concord Padgett Regional,"Concord, NC",United States
USA,Concord-Padgett Regional Airport,"Concord, NC",United States
JRF,Kalaeloa Airport,"Kapolei, HI",United States
JRV,Jose Aponte de la Torre,"Ceiba, PR",United States
JST,John Murtha Johnstown Cambria County Airport,"Johnstown, PA",United States
JZE,Trading Bay Production,"Trading Bay, AK",United States
JZM,Hog River Airport,"Hog River, AK",United States
JZT,Arlington Municipal,"Arlington, TX",United States
KAE,Kake Seaplane Base,"Kake, AK",United States
KAL,Kaltag Airport,"Kaltag, AK",United States
KBC,Birch Creek Airport,"Birch Creek, AK",United States
KBP,Boryspil International Airport,"Kiev, Ukraine",Ukraine
KCC,Coffman Cove Seaplane Base,"Coffman Cove, AK",United States
KCG,Chignik Airport,"Chignik Bay, AK",United States
KCL,Chignik Lagoon Airport,"Chignik Lagoon, AK",United States
KCQ,Chignik Lake Airport,"Chignik, AK",United States
KCR,Colorado Creek Airport,"Colorado Creek, AK",United States
KDK,Kodiak Municipal Airport,"Kodiak, AK",United States
KEB,Nanwalek Airport,"Nanwalek, AK",United States
KEF,Keflavik International Airport,"Keflavik/Reykjavik, Iceland",Iceland
KEH,Kenmore Air Harbor LLC Seaplane Base,"Kenmore, WA",United States
KEK,Ekwok Airport,"Ekwok, AK",United States
KFP,False Pass Airport,"False Pass, AK",United States
KGK,Koliganek Airport,"Koliganek, AK",United States
KGX,Grayling Airport,"Grayling, AK",United States
KHH,Kaohsiung International Airport,"Kaohsiung, Taiwan",Taiwan
KHI,Jinnah International Airport,"Karachi, Pakistan",Pakistan
KHN,Nanchang Changbei International Airport,"Nanchang, China",China
KHV,Khabarovsk Novy Airport,"Khabarovsk, Russia",Russia
KIJ,Niigata Airport,"Niigata, Japan",Japan
KIN,Norman Manley International Airport,"Kingston, Jamaica",Jamaica
KIX,Kansai International Airport,"Osaka, Japan",Japan
KKA,Koyuk Alfred Adams Airport,"Koyuk, AK",United States
KKB,Kitoi Bay Seaplane Base,"Kitoi Bay, AK",United States
KKH,Kongiganak Airport,"Kongiganak, AK",United States
KKI,Akiachak Airport,"Akiachak, AK",United States
KKJ,Kitakyushu Airport,"Kitakyushu, Japan",Japan
KKK,Kalakaket Creek AS Airport,"Kalakaket, AK",United States
KKL,Karluk Lake Seaplane Base,"Karluk Lake, AK",United States
KKU,Ekuk Airport,"Ekuk, AK",United States
KLG,Kalskag Airport,"Kalskag, AK",United States
KLL,Levelock Airport,"Levelock, AK",United States
KLN,Larsen Bay Airport,"Larsen Bay, AK",United States
KLS,Southwest Washington Regional Airport,"Kelso, WA",United States
KLW,Klawock Airport,"Klawock, AK",United States
KMG,Kunming Changshui International Airport,"Kunming, China",China
KMO,Manokotak Airport,"Manokotak, AK",United States
KMY,Moser Bay Seaplane Base,"Moser Bay, AK",United States
KNB,Kanab Municipal Airport,"Kanab, UT",United States
KNK,Kokhanok Airport,"Kokhanok, AK",United States
KNW,New Stuyahok Airport,"New Stuyahok, AK",United States
KOA,Ellison Onizuka Kona International Airport at Keāhole,"Kona, HI",United States
KOT,Kotlik Airport,"Kotlik, AK",United States
KOY,Olga Bay Seaplane Base,"Olga Bay, AK",United States
KOZ,Ouzinkie Airport,"Ouzinkie, AK",United States
KPB,Point Baker Seaplane Base,"Point Baker, AK",United States
KPC,Port Clarence Coast Guard Station,"Port Clarence, AK",United States
KPN,Kipnuk Airport,"Kipnuk, AK",United States
KPR,Port Williams Seaplane Base,"Port Williams, AK",United States
KPV,Perryville Airport,"Perryville, AK",United States
KPY,Port Bailey Seaplane Base,"Port Bailey, AK",United States
KQA,Akutan Airport,"Akutan, AK",United States
KRK,Kraków John Paul II International Airport,"Krakow, Poland",Poland
KRT,Khartoum International Airport,"Khartoum, Sudan",Sudan
KSA,Kosrae International Airport,"Kosrae, Federated States of Micronesia",Federated States of Micronesia
KSM,St Mary's Airport,"St. Mary's, AK",United States
KTB,Thorne Bay Seaplane Base,"Thorne Bay, AK",United States
KTN,Ketchikan International Airport,"Ketchikan, AK",United States
KTS,Brevig Mission Airport,"Brevig Mission, AK",United States
KTW,Katowice Wojciech Korfanty International Airport,"Katowice, Poland",Poland
KUK,Kasigluk Airport,"Kasigluk, AK",United States
KVC,King Cove Airport,"King Cove, AK",United States
KVL,Kivalina Airport,"Kivalina, AK",United States
KWA,Bucholz Army Air Field,"Kwajalein, Marshall Islands",Marshall Islands
KWF,Waterfall Seaplane Base,"Waterfall, AK",United States
KWI,Kuwait International Airport,"Kuwait, Kuwait",Kuwait
KWK,Kwigillingok Airport,"Kwigillingok, AK",United States
KWN,Quinhagak Airport,"Quinhagak, AK",United States
KWP,West Point Village Seaplane Base,"West Point, AK",United States
KWT,Kwethluk Airport,"Kwethluk, AK",United States
KXA,Kasaan Seaplane Base,"Kasaan, AK",United States
KYK,Karluk Airport,"Karluk, AK",United States
KYU,Koyukuk Airport,"Koyukuk, AK",United States
KZB,Zachar Bay Seaplane Base,"Zachar Bay, AK",United States
KZH,Kizhuyak Airport,"Kizhuyak, AK",United States
L41,Marble Canyon Airport,"Marble Canyon, AZ",United States
LAF,Purdue University Airport,"Lafayette, IN",United States
LAL,Lakeland Linder International Airport,"Lakeland, FL",United States
LAM,Los Alamos Airport,"Los Alamos, NM",United States
LAN,Capital Region International Airport,"Lansing, MI",United States
LAP,Manuel Márquez de León International Airport,"La Paz, Mexico",Mexico
LAR,Laramie Regional Airport,"Laramie, WY",United States
LAS,Harry Reid International Airport,"Las Vegas, NV",United States
LAW,Lawton Fort Sill Regional Airport,"Lawton/Fort Sill, OK",United States
LAX,Los Angeles International Airport,"Los Angeles, CA",United States
LBA,Leeds Bradford Airport,"Leeds/Bradford, United Kingdom",United Kingdom
LBB,Lubbock Preston Smith International Airport,"Lubbock, TX",United States
LBE,Arnold Palmer Regional Airport,"Latrobe, PA",United States
LBF,North Platte Regional Airport Lee Bird Field,"North Platte, NE",United States
LBG,Paris-Le Bourget International Airport,"Paris, France",France
LBL,Liberal Mid-America Regional Airport,"Liberal, KS",United States
LCA,Larnaca International Airport,"Larnaca, Cyprus",Cyprus
LCH,Lake Charles Regional Airport,"Lake Charles, LA",United States
LCK,Rickenbacker International Airport,"Columbus, OH",United States
LCY,London City Airport,"London, United Kingdom",United Kingdom
LDE,Tarbes-Lourdes-Pyrénées Airport,"Tarbes/Lourdes/Pyrenees, France",France
LDJ,Linden Airport,"Linden, NJ",United States
LEB,Lebanon Municipal Airport,"Lebanon-Hanover, NH",United States
LEJ,Leipzig/Halle Airport,"Leipzig, Germany",Germany
LEW,Auburn Lewiston Municipal Airport,"Lewiston/Auburn, ME",United States
LEX,Blue Grass Airport,"Lexington, KY",United States
LFI,Langley Air Force Base,"Newport News/Hampton, VA",United States
LFT,Lafayette Regional Airport,"Lafayette, LA",United States
LFW,Lomé–Tokoin International Airport,"Lome, Togo",Togo
LGA,LaGuardia Airport,"New York, NY",United States
LGB,Long Beach International Airport,"Long Beach, CA",United States
LGG,Liège Airport,"Liege, Belgium",Belgium
LGU,Logan-Cache Airport,"Logan, UT",United States
LGW,London Gatwick Airport,"London, United Kingdom",United Kingdom
LHE,Allama Iqbal International Airport,"Lahore, Pakistan",Pakistan
LHR,London Heathrow Airport,"London, United Kingdom",United Kingdom
LIH,Lihue Airport,"Lihue, HI",United States
LIJ,Lishui Airport,"Long Island, AK",United States
LIL,Lille Airport,"Lille, France",France
LIM,Jorge Chávez International Airport,"Lima, Peru",Peru
LIR,Daniel Oduber Quirós International Airport,"Liberia, Costa Rica",Costa Rica
LIS,Lisbon Humberto Delgado Airport,"Lisbon, Portugal",Portugal
LIT,Bill & Hillary Clinton National Airport/Adams Field,"Little Rock, AR",United States
LIV,Livengood Camp Airport,"Livengood, AK",United States
LKE,Kenmore Air Harbor Seaplane Base,"Seattle, WA",United States
LKK,Kulik Lake Airport,"Kulik Lake, AK",United States
LMA,Minchumina Airport,"Lake Minchumina, AK",United States
LMM,Valle del Fuerte International Airport,"Los Mochis, Mexico",Mexico
LMT,Crater Lake-Klamath Regional Airport,"Klamath Falls, OR",United States
LNI,Point Lonely Short Range Radar Site Airfield,"Lonely, AK",United States
LNK,Lincoln Airport,"Lincoln, NE",United States
LNS,Lancaster Airport,"Lancaster, PA",United States
LNY,Lanai Airport,"Lanai, HI",United States
LOS,Murtala Muhammed International Airport,"Lagos, Nigeria",Nigeria
LOT,Lewis University Airport,"Chicago/Romeoville, IL",United States
LPB,El Alto International Airport,"La Paz, Bolivia",Bolivia
LPL,Liverpool John Lennon Airport,"Liverpool, United Kingdom",United Kingdom
LPR,Lorain County Regional,"Lorain/Elyria, OH",United States
LPS,Lopez Island Airport,"Lopez Island, WA",United States
LPW,Little Port Walter Airport,"Little Port Walter, AK",United States
LRD,Laredo International Airport,"Laredo, TX",United States
LRM,Casa De Campo International Airport,"La Romana, Dominican Republic",Dominican Republic
LRU,Las Cruces International Airport,"Las Cruces, NM",United States
LSE,La Crosse Regional Airport,"La Crosse, WI",United States
LSV,Nellis Air Force Base,"Las Vegas, NV",United States
LTN,London Luton Airport,"London, United Kingdom",United Kingdom
LTO,Loreto International Airport,"Loreto, Mexico",Mexico
LUF,Luke Air Force Base,"Phoenix, AZ",United States
LUK,Cincinnati Municipal Airport Lunken Field,"Cincinnati, OH",United States
LUP,Kalaupapa Airport,"Kalaupapa, HI",United States
LUR,Cape Lisburne LRRS Airport,"Cape Lisburne, AK",United States
LUX,Luxembourg-Findel International Airport,"Luxembourg, Luxembourg",Luxembourg
LVD,Lime Village Airport,"Lime Village, AK",United States
LWB,Greenbrier Valley Airport,"Lewisburg, WV",United States
LWS,Lewiston Nez Perce County Airport,"Lewiston, ID",United States
LWT,Lewistown Municipal Airport,"Lewistown, MT",United States
LYH,Lynchburg Regional Airport - Preston Glenn Field,"Lynchburg, VA",United States
LYS,Lyon Saint-Exupéry Airport,"Lyon, France",France
LZU,Gwinnett County Briscoe Field,"Lawrenceville, GA",United States
MA4,Marshfield Municipal George Harlow Field,"Marshfield, MA",United States
MA5,Northampton Airport,"Northampton, MA",United States
MAD,Adolfo Suárez Madrid–Barajas Airport,"Madrid, Spain",Spain
MAF,Midland International Air and Space Port,"Midland/Odessa, TX",United States
MAJ,Marshall Islands International Airport,"Majuro, Marshall Islands",Marshall Islands
MAN,Manchester Airport,"Manchester, United Kingdom",United Kingdom
MAO,Eduardo Gomes International Airport,"Manaus, Brazil",Brazil
MAR,La Chinita International Airport,"Maracaibo, Venezuela",Venezuela
MAZ,Eugenio Maria De Hostos Airport,"Mayaguez, PR",United States
MBJ,Sangster International Airport,"Montego Bay, Jamaica",Jamaica
MBL,Manistee County Blacker Airport,"Manistee/Ludington, MI",United States
MBS,MBS International Airport,"Saginaw/Bay City/Midland, MI",United States
MCC,McClellan Airfield,"Sacramento, CA",United States
MCE,Merced Regional Macready Field,"Merced, CA",United States
MCF,MacDill Air Force Base,"Tampa, FL",United States
MCG,McGrath Airport,"McGrath, AK",United States
MCI,Kansas City International Airport,"Kansas City, MO",United States
MCK,McCook Ben Nelson Regional Airport,"McCook, NE",United States
MCL,Denali National Park Airport,"McKinley Park, AK",United States
MCN,Middle Georgia Regional Airport,"Macon, GA",United States
MCO,Orlando International Airport,"Orlando, FL",United States
MCT,Muscat International Airport,"Muscat, Oman",Oman
MCW,Mason City Municipal Airport,"Mason City, IA",United States
MDE,Jose Maria Córdova International Airport,"Medellin, Colombia",Colombia
MDH,Southern Illinois Airport,"Carbondale, IL",United States
MDT,Harrisburg International Airport,"Harrisburg, PA",United States
MDW,Chicago Midway International Airport,"Chicago, IL",United States
MDY,Henderson Field,"Midway Island, TT",United States
MDZ,Governor Francisco Gabrielli International Airport,"Mendoza, Argentina",Argentina
MEC,Eloy Alfaro International Airport,"Manta, Ecuador",Ecuador
MED,Prince Mohammad Bin Abdulaziz Airport,"Medina, Saudi Arabia",Saudi Arabia
MEI,Key Field / Meridian Regional Airport,"Meridian, MS",United States
MEL,Melbourne Airport,"Melbourne, Australia",Australia
MEM,Memphis International Airport,"Memphis, TN",United States
MER,Castle Airport,"Atwater, CA",United States
MES,Soewondo Air Force Base,"Medan, Indonesia",Indonesia
MEX,Mexico City Benito Juárez International Airport,"Mexico City, Mexico",Mexico
MFE,McAllen Miller International Airport,"Mission/McAllen/Edinburg, TX",United States
MFM,Macau International Airport,"Macau, Macau",Macau
MFR,Rogue Valley International-Medford Airport,"Medford, OR",United States
MGA,Augusto C. Sandino (Managua) International Airport,"Managua, Nicaragua",Nicaragua
MGE,Dobbins Air Reserve Base,"Marietta, GA",United States
MGM,Montgomery Regional (Dannelly Field) Airport,"Montgomery, AL",United States
MGW,Morgantown Municipal Airport Walter L. (Bill) Hart Field,"Morgantown, WV",United States
MHH,Leonard M. Thompson International Airport,"Marsh Harbour, The Bahamas",The Bahamas
MHK,Manhattan Regional Airport,"Manhattan/Ft. Riley, KS",United States
MHM,Manaoba Airport,"Minchumina, AK",United States
MHT,Manchester-Boston Regional Airport,"Manchester, NH",United States
MHV,Mojave Air &  Space Port,"Mojave, CA",United States
MIA,Miami International Airport,"Miami, FL",United States
MID,Manuel Crescencio Rejón International Airport,"Merida, Mexico",Mexico
MKC,Charles B. Wheeler Downtown Airport,"Kansas City, MO",United States
MKE,General Mitchell International Airport,"Milwaukee, WI",United States
MKG,Muskegon County Airport,"Muskegon, MI",United States
MKK,Molokai Airport,"Hoolehua, HI",United States
MKL,McKellar-Sipes Regional Airport,"Jackson, TN",United States
MKT,Mankato Regional Airport,"Mankato, MN",United States
MLA,Malta International Airport,"Malta, Malta",Malta
MLB,Melbourne Orlando International Airport,"Melbourne, FL",United States
MLI,Quad City International Airport,"Moline, IL",United States
MLL,Marshall Don Hunter Sr Airport,"Marshall, AK",United States
MLM,General Francisco J. Mujica International Airport,"Morelia, Mexico",Mexico
MLS,Miles City Airport - Frank Wiley Field,"Miles City, MT",United States
MLU,Monroe Regional Airport,"Monroe, LA",United States
MLY,Manley Hot Springs Airport,"Manley Hot Springs, AK",United States
MMH,Mammoth Yosemite Airport,"Mammoth Lakes, CA",United States
MMU,Morristown Municipal Airport,"Morristown, NJ",United States
MNL,Ninoy Aquino International Airport,"Manila, Philippines",Philippines
MNT,Minto Al Wright Airport,"Minto, AK",United States
MNZ,Washington Manassas Harry P. Davis Field,"Manassas, VA",United States
MOB,Mobile Regional Airport,"Mobile, AL",United States
MOD,Modesto City Co-Harry Sham Field,"Modesto, CA",United States
MOS,Moses Point Airport,"Moses Point, AK",United States
MOT,Minot International Airport,"Minot, ND",United States
MOU,Mountain Village Airport,"Mountain Village, AK",United States
MPB,Miami Seaplane Base,"Miami, FL",United States
MPM,Maputo Airport,"Maputo, Mozambique",Mozambique
MQJ,Moma Airport,"Indianapolis, IN",United States
MQS,Mustique Airport,"Mustique, Saint Vincent and the Grenadines",Saint Vincent and the Grenadines
MQT,Marquette/Sawyer International Airport,"Marquette, MI",United States
MQY,Smyrna Airport,"Smyrna, TN",United States
MRB,Eastern WV Regional Airport/Shepherd Field,"Martinsburg, WV",United States
MRI,Merrill Field,"Anchorage, AK",United States
MRS,Marseille Provence Airport,"Marseille, France",France
MRY,Monterey Regional Airport,"Monterey, CA",United States
MSL,Northwest Alabama Regional Airport,"Muscle Shoals, AL",United States
MSN,Dane County Regional Truax Field,"Madison, WI",United States
MSO,Missoula Montana Airport,"Missoula, MT",United States
MSP,Minneapolis–Saint Paul International Airport / Wold–Chamberlain Field,"Minneapolis, MN",United States
MSS,Massena International Airport Richards Field,"Massena, NY",United States
MST,Maastricht Aachen Airport,"Maastricht, Netherlands",Netherlands
MSY,Louis Armstrong New Orleans International Airport,"New Orleans, LA",United States
MTH,Florida Keys Marathon International Airport,"Marathon, FL",United States
MTJ,Montrose Regional Airport,"Montrose/Delta, CO",United States
MTM,Metlakatla Seaplane Base,"Metlakatla, AK",United States
MTP,Montauk Airport,"Montauk Point, NY",United States
MTY,Monterrey International Airport,"Monterrey, Mexico",Mexico
MUC,Munich Airport,"Munich, Germany",Germany
MUE,Waimea Kohala Airport,"Kamuela, HI",United States
MUO,Mountain Home Air Force Base,"Mountain Home, ID",United States
MVD,Carrasco General Cesáreo L. Berisso International Airport,"Montevideo, Uruguay",Uruguay
MVL,Morrisville-Stowe State Airport,"Morrisville, VT",United States
MVW,Skagit Regional Airport,"Burlington/Mount Vernon, WA",United States
MVY,Martha's Vineyard Airport,"Martha's Vineyard, MA",United States
MWA,Veterans Airport of Southern Illinois,"Marion/Herrin, IL",United States
MWH,Grant County International Airport,"Moses Lake, WA",United States
MWL,Mineral Wells Regional Airport,"Mineral Wells, TX",United States
MXL,General Rodolfo Sánchez Taboada International Airport,"Mexicali, Mexico",Mexico
MXP,Milan Malpensa International Airport,"Milan, Italy",Italy
MXY,Mc Carthy Airport,"McCarthy, AK",United States
MYF,Montgomery-Gibbs Executive Airport,"San Diego, CA",United States
MYJ,Matsuyama Airport,"Matsuyama, Japan",Japan
MYK,May Creek Airport,"May Creek, AK",United States
MYR,Myrtle Beach International Airport,"Myrtle Beach, SC",United States
MYT,Myitkyina Airport,"Myitkyina, Burma",Burma
MYU,Mekoryuk Airport,"Mekoryuk, AK",United States
MZJ,Pinal Airpark,"Marana, AZ",United States
MZO,Sierra Maestra International Airport,"Manzanillo, Cuba",Cuba
MZT,General Rafael Buelna International Airport,"Mazatlan, Mexico",Mexico
N1Y,Canandaigua Airport,"Canandaigua, NY",United States
N7Y,Sbnynb,"North Haven, NY",United States
NAN,Nadi International Airport,"Nadi, Fiji",Fiji
NAP,Naples International Airport,"Naples, Italy",Italy
NAS,Lynden Pindling International Airport,"Nassau, The Bahamas",The Bahamas
NAT,Rio Grande do Norte/São Gonçalo do Amarante–Governador Aluízio Alves International Airport,"Natal, Brazil",Brazil
NBO,Jomo Kenyatta International Airport,"Nairobi, Kenya",Kenya
NBW,Leeward Point Field,"Guantanamo, Cuba",Cuba
NC1,Gastonia Municipal,"Gastonia, NC",United States
NCE,Nice-Côte d'Azur Airport,"Nice, France",France
NCL,Newcastle International Airport,"Newcastle, United Kingdom",United Kingdom
NCN,Chenega Bay Airport,"Chenega, AK",United States
NEV,Vance W. Amory International Airport,"Nevis, Saint Kitts and Nevis",Saint Kitts and Nevis
NEW,Lakefront Airport,"New Orleans, LA",United States
NGD,Captain Auguste George Airport,"Anegada, British Virgin Islands",British Virgin Islands
NGO,Chubu Centrair International Airport,"Nagoya, Japan",Japan
NGS,Nagasaki Airport,"Nagasaki, Japan",Japan
NGU,Norfolk Naval Station (Chambers Field),"Norfolk, VA",United States
NIB,Nikolai Airport,"Nikolai, AK",United States
NIN,Ninilchik Airport,"Ninilchik, AK",United States
NJ1,Pine Valley,"Berlin, NJ",United States
NKG,Nanjing Lukou International Airport,"Nanjing, China",China
NKI,Naukati Bay Seaplane Base,"Naukiti, AK",United States
NKX,Miramar Marine Corps Air Station - Mitscher Field,"San Diego, CA",United States
NLD,Quetzalcóatl International Airport,"Nuevo Laredo, Mexico",Mexico
NLG,Nelson Lagoon Airport,"Nelson Lagoon, AK",United States
NLU,Felipe Ángeles International Airport,"Mexico City, Mexico",Mexico
NME,Nightmute Airport,"Nightmute, AK",United States
NNK,Naknek Airport,"Naknek, AK",United States
NNL,Nondalton Airport,"Nondalton, AK",United States
NOU,La Tontouta International Airport,"Noumea, New Caledonia",New Caledonia
NPA,Naval Air Station Pensacola Forrest Sherman Field,"Pensacola, FL",United States
NPT,Newport State Airport,"Newport, RI",United States
NQA,Millington-Memphis Airport,"Millington, TN",United States
NRT,Narita International Airport,"Tokyo, Japan",Japan
NSB,Bimini North Seaplane Base,"Bimini, The Bahamas",The Bahamas
NTE,Nantes Atlantique Airport,"Nantes, France",France
NUE,Nuremberg Airport,"Nuremberg, Germany",Germany
NUI,Nuiqsut Airport,"Nuiqsut, AK",United States
NUL,Nulato Airport,"Nulato, AK",United States
NUP,Nunapitchuk Airport,"Nunapitchuk, AK",United States
NUQ,Moffett Federal Airfield,"Mountain View, CA",United States
NWI,Norwich Airport,"Norwich, United Kingdom",United Kingdom
NY2,Oswego County,"Fulton, NY",United States
NYC,New York City Metropolitan Area,"New York, NY",United States
NYL,Yuma MCAS/Yuma International,"Yuma, AZ",United States
NYS,New York Skyports Inc Seaplane Base,"New York, NY",United States
NZC,Maria Reiche Neuman Airport,"Jacksonville, FL",United States
NZY,North Island Naval Air Station-Halsey Field,"San Diego, CA",United States
OAJ,Albert J Ellis Airport,"Jacksonville/Camp Lejeune, NC",United States
OAK,Oakland San Francisco Bay Airport,"Oakland, CA",United States
OAX,Xoxocotlán International Airport,"Oaxaca, Mexico",Mexico
OBU,Kobuk Airport,"Kobuk, AK",United States
OCF,Ocala International Airport - Jim Taylor Field,"Ocala, FL",United States
OCJ,Ian Fleming International Airport,"Ocho Rios, Jamaica",Jamaica
OFU,Ofu Airport,"Ofu, TT",United States
OGD,Ogden Hinckley Airport,"Ogden, UT",United States
OGG,Kahului International Airport,"Kahului, HI",United States
OGS,Ogdensburg International Airport,"Ogdensburg, NY",United States
OHC,Northeast Cape AFS,"Northeast Cape, AK",United States
OJC,Johnson County Executive Airport,"Olathe, KS",United States
OKA,Naha International Airport,"Okinawa, Japan",Japan
OKC,OKC Will Rogers World Airport,"Oklahoma City, OK",United States
OKJ,Okayama Momotaro Airport,"Okayama, Japan",Japan
OKK,Kokomo Municipal Airport,"Kokomo/Logansport/Peru, IN",United States
OKO,Yokota Air Base,"Tokyo, Japan",Japan
OLF,L M Clayton Airport,"Wolf Point, MT",United States
OLH,Old Harbor Airport,"Old Harbor, AK",United States
OLV,Olive Branch Airport,"Olive Branch, MS",United States
OMA,Eppley Airfield,"Omaha, NE",United States
OME,Nome Airport,"Nome, AK",United States
ONN,Onion Bay Airport,"Onion Bay, AK",United States
ONP,Newport Municipal Airport,"Newport, OR",United States
ONT,Ontario International Airport,"Ontario, CA",United States
OOK,Toksook Bay Airport,"Toksook, AK",United States
OOL,Gold Coast Airport,"Gold Coast, Australia",Australia
OPF,Miami-Opa Locka Executive Airport,"Miami, FL",United States
OPH,Ophir Airport,"Ophir, AK",United States
OPO,Francisco de Sá Carneiro Airport,"Porto, Portugal",Portugal
OQB,Bible Camp Airport,"Bible Camp, AK",United States
OQC,Cinder River Lodge Airport,"Cinder River Lodge, AK",United States
OQI,Vrems Airport,"Vrems, AK",United States
OQP,Pumice Airport,"Pumice, AK",United States
OQS,Sandy Airport,"Sandy, AK",United States
OQZ,American Creek Airport,"American Creek, AK",United States
OR4,Bend Municipal,"Bend, OR",United States
ORD,Chicago O'Hare International Airport,"Chicago, IL",United States
ORF,Norfolk International Airport,"Norfolk, VA",United States
ORH,Worcester Regional Airport,"Worcester, MA",United States
ORI,Port Lions Airport,"Port Lions, AK",United States
ORK,Cork International Airport,"Cork, Ireland",Ireland
ORL,Orlando Executive Airport,"Orlando, FL",United States
ORT,Northway Airport,"Northway, AK",United States
ORV,Robert (Bob) Curtis Memorial Airport,"Noorvik, AK",United States
ORY,Paris-Orly Airport,"Paris, France",France
OSA,Osaka Metropolitan Area,"Osaka, Japan",Japan
OSL,Oslo-Gardermoen International Airport,"Oslo, Norway",Norway
OST,Ostend-Bruges International Airport,"Ostend, Belgium",Belgium
OSU,The Ohio State University Airport - Don Scott Field,"Columbus, OH",United States
OTH,Southwest Oregon Regional Airport,"North Bend/Coos Bay, OR",United States
OTS,Anacortes Airport,"Anacortes, WA",United States
OTZ,Ralph Wien Memorial Airport,"Kotzebue, AK",United States
OVD,Asturias Airport,"Asturias, Spain",Spain
OWB,Owensboro Daviess County Airport,"Owensboro, KY",United States
OWD,Norwood Memorial Airport,"Norwood, MA",United States
OXC,Waterbury Oxford Airport,"Waterbury, CT",United States
OXR,Oxnard Airport,"Oxnard/Ventura, CA",United States
PAE,Seattle Paine Field International Airport,"Everett, WA",United States
PAH,Barkley Regional Airport,"Paducah, KY",United States
PAP,Toussaint Louverture International Airport,"Port-au-Prince, Haiti",Haiti
PAQ,"Warren ""Bud"" Woods Palmer Municipal Airport","Palmer, AK",United States
PBC,Hermanos Serdán International Airport,"Puebla, Mexico",Mexico
PBG,Plattsburgh International Airport,"Plattsburgh, NY",United States
PBI,President Donald J. Trump International Airport,"West Palm Beach/Palm Beach, FL",United States
PBK,Pack Creek Airport,"Pack Creek, AK",United States
PBM,Johan Adolf Pengel International Airport,"Zanderij, Suriname",Suriname
PCA,Portage Creek Airport,"Portage Creek, AK",United States
PCE,Painter Creek Airport,"Painter Creek, AK",United States
PCT,Princeton Airport,"Princeton, NJ",United States
PDB,Pedro Bay Airport,"Pedro Bay, AK",United States
PDK,DeKalb Peachtree Airport,"Atlanta, GA",United States
PDL,João Paulo II Airport,"Ponta Delgada, Portugal",Portugal
PDT,Eastern Oregon Regional Airport at Pendleton,"Pendleton, OR",United States
PDX,Portland International Airport,"Portland, OR",United States
PEC,Pelican Seaplane Base,"Pelican, AK",United States
PEI,Matecaña International Airport,"Pereira, Colombia",Colombia
PEK,Beijing Capital International Airport,"Beijing, China",China
PFN,Bay County,"Panama City, FL",United States
PGA,Page Municipal Airport,"Page, AZ",United States
PGD,Punta Gorda Airport,"Punta Gorda, FL",United States
PGM,Port Graham Airport,"Port Graham, AK",United States
PGV,Pitt-Greenville Airport,"Greenville, NC",United States
PHF,Newport News Williamsburg International Airport,"Newport News/Williamsburg, VA",United States
PHL,Philadelphia International Airport,"Philadelphia, PA",United States
PHO,Point Hope Airport,"Point Hope, AK",United States
PHX,Phoenix Sky Harbor International Airport,"Phoenix, AZ",United States
PIA,General Wayne A. Downing Peoria International Airport,"Peoria, IL",United States
PIB,Hattiesburg Laurel Regional Airport,"Hattiesburg/Laurel, MS",United States
PIE,St. Petersburg Clearwater International Airport,"St. Petersburg, FL",United States
PIH,Pocatello Regional Airport,"Pocatello, ID",United States
PIK,Glasgow Prestwick Airport,"Glasgow/Prestwick, United Kingdom",United Kingdom
PIO,Captain Renán Elías Olivera International Airport,"Pisco, Peru",Peru
PIP,Pilot Point Airport,"Pilot Point, AK",United States
PIR,Pierre Regional Airport,"Pierre, SD",United States
PIT,Pittsburgh International Airport,"Pittsburgh, PA",United States
PIZ,Point Lay LRRS Airport,"Point Lay, AK",United States
PKA,Napaskiak Airport,"Napaskiak, AK",United States
PKB,Mid Ohio Valley Regional Airport,"Parkersburg, WV",United States
PKC,Yelizovo Airport,"Petropavlovsk-Kamchatsky, Russia",Russia
PLN,Pellston Regional Airport of Emmet County Airport,"Pellston, MI",United States
PLS,Providenciales International Airport,"Providenciales, Turks and Caicos Islands",Turks and Caicos Islands
PMC,El Tepual International Airport,"Puerto Montt, Chile",Chile
PMI,Palma de Mallorca Airport,"Palma Mallorca, Spain",Spain
PML,Port Moller Airport,"Port Moller, AK",United States
PMO,Falcone–Borsellino Airport,"Palermo, Italy",Italy
PMW,Brigadeiro Lysias Rodrigues Airport,"Palmas, Brazil",Brazil
PNE,Northeast Philadelphia Airport,"Philadelphia, PA",United States
PNI,Pohnpei International Airport,"Pohnpei, Federated States of Micronesia",Federated States of Micronesia
PNS,Pensacola International Airport,"Pensacola, FL",United States
PNX,North Texas Regional Airport Perrin Field,"Sherman-Denison, TX",United States
POA,Porto Alegre-Salgado Filho International Airport,"Porto Alegre, Brazil",Brazil
POB,Pope Field,"Fayetteville, NC",United States
POP,Gregorio Luperon International Airport,"Puerto Plata, Dominican Republic",Dominican Republic
POS,Piarco International Airport,"Port of Spain, Trinidad and Tobago",Trinidad and Tobago
PPC,Prospect Creek Airport,"Prospect Creek, AK",United States
PPE,Mar de Cortés International Airport,"Puerto Penasco, Mexico",Mexico
PPG,Pago Pago International Airport,"Pago Pago, TT",United States
PPT,Fa'a'ā International Airport,"Papeete, French Polynesia",French Polynesia
PPV,Port Protection Seaplane Base,"Port Protection, AK",United States
PQI,Presque Isle International Airport,"Presque Isle/Houlton, ME",United States
PQS,Pilot Station Airport,"Pilot Station, AK",United States
PRC,Prescott Regional Airport - Ernest A. Love Field,"Prescott, AZ",United States
PRG,Václav Havel Airport Prague,"Prague, Czech Republic",Czech Republic
PSA,Pisa International Airport,"Pisa, Italy",Italy
PSC,Tri Cities Airport,"Pasco/Kennewick/Richland, WA",United States
PSE,Mercedita International Airport,"Ponce, PR",United States
PSF,Pittsfield Municipal Airport,"Pittsfield, MA",United States
PSG,Petersburg James A Johnson Airport,"Petersburg, AK",United States
PSM,Portsmouth International Airport at Pease,"Portsmouth, NH",United States
PSP,Palm Springs International Airport,"Palm Springs, CA",United States
PTA,Port Alsworth Airport,"Port Alsworth, AK",United States
PTD,Port Alexander Seaplane Base,"Port Alexander, AK",United States
PTH,Port Heiden Airport,"Port Heiden, AK",United States
PTK,Oakland County International Airport,"Pontiac, MI",United States
PTL,Walter Braedt Segú Airport,"Port Armstrong, AK",United States
PTP,Maryse Condé International Airport,"Pointe A Pitre, Guadeloupe",Guadeloupe
PTU,Platinum Airport,"Platinum, AK",United States
PTV,Porterville Municipal Airport,"Porterville, CA",United States
PTY,Tocumen International Airport,"Panama City, Panama",Panama
PUB,Pueblo Memorial Airport,"Pueblo, CO",United States
PUC,Carbon County Regional Airport / Buck Davis Field,"Price, UT",United States
PUF,Pau Pyrénées Airport,"Pau, France",France
PUJ,Punta Cana International Airport,"Punta Cana, Dominican Republic",Dominican Republic
PUL,Port of Poulsbo Marina Moorage Seaplane Base,"Poulsbo, WA",United States
PUS,Gimhae International Airport,"Busan, South Korea",South Korea
PUW,Pullman-Moscow Regional Airport,"Pullman, WA",United States
PVC,Provincetown Municipal Airport,"Provincetown, MA",United States
PVD,Rhode Island T. F. Green International Airport,"Providence, RI",United States
PVG,Shanghai Pudong International Airport,"Shanghai, China",China
PVR,Puerto Vallarta International Airport,"Puerto Vallarta, Mexico",Mexico
PVS,Provideniya Bay Airport,"Provideniya, Russia",Russia
PVU,Provo Municipal Airport,"Provo, UT",United States
PVY,Pope Vanoy Airport,"Pope Vanoy, AK",United States
PWA,Wiley Post Airport,"Oklahoma City, OK",United States
PWK,Chicago Executive Airport,"Chicago, IL",United States
PWM,Portland International Jetport,"Portland, ME",United States
PWT,Bremerton National Airport,"Bremerton, WA",United States
PXM,Puerto Escondido International Airport,"Puerto Escondido, Mexico",Mexico
PXO,Porto Santo Airport,"Porto Santo, Portugal",Portugal
PYM,Plymouth Municipal Airport,"Plymouth, MA",United States
QMN,Mansfield Municipal,"Mansfield, MA",United States
QQB,Keyes Point Airport,"Keyes Point, AK",United States
QRO,Querétaro Intercontinental Airport,"Queretaro, Mexico",Mexico
RAI,Nelson Mandela International Airport,"Praia, Cape Verde",Cape Verde
RAK,Marrakesh Menara Airport,"Marrakech, Morocco",Morocco
RAP,Rapid City Regional Airport,"Rapid City, SD",United States
RAR,Rarotonga International Airport,"Avarua, Cook Islands",Cook Islands
RBD,Dallas Executive Airport,"Dallas/Fort Worth, TX",United States
RBG,Roseburg Regional Airport,"Roseburg, OR",United States
RBH,Brooks Lodge Airport,"Brooks Lodge, AK",United States
RBY,Ruby Airport,"Ruby, AK",United States
RCA,Ellsworth Air Force Base,"Rapid City, SD",United States
RCE,Roche Harbor Airport,"Roche Harbor, WA",United States
RDB,Red Dog Airport,"Red Dog, AK",United States
RDD,Redding Municipal Airport,"Redding, CA",United States
RDG,Reading Regional Airport (Carl A Spaatz Field),"Reading, PA",United States
RDM,Roberts Field,"Bend/Redmond, OR",United States
RDU,Raleigh-Durham International Airport,"Raleigh/Durham, NC",United States
RDV,Red Devil Airport,"Red Devil, AK",United States
REC,Recife/Guararapes - Gilberto Freyre International Airport,"Recife, Brazil",Brazil
RES,Resistencia International Airport,"Resistencia, Argentina",Argentina
REX,General Lucio Blanco International Airport,"Reynosa, Mexico",Mexico
RFD,Chicago Rockford International Airport,"Rockford, IL",United States
RHI,Rhinelander Oneida County Airport,"Rhinelander, WI",United States
RIC,Richmond International Airport,"Richmond, VA",United States
RIL,Garfield County Regional Airport,"Rifle, CO",United States
RIV,March Air Reserve Base,"Riverside, CA",United States
RIW,Central Wyoming Regional Airport,"Riverton/Lander, WY",United States
RIX,Riga International Airport,"Riga, Latvia",Latvia
RKD,Knox County Regional Airport,"Rockland, ME",United States
RKR,Robert S Kerr Airport,"Poteau, OK",United States
RKS,Southwest Wyoming Regional Airport,"Rock Springs, WY",United States
RLU,Bornite Upper,"Bornite/Ruby Creek, AK",United States
RME,Griffiss International Airport,"Rome, NY",United States
RMG,Richard B Russell Airport,"Rome, GA",United States
RMN,Rumginae Airport,"Stafford, VA",United States
RMP,Rampart Airport,"Rampart, AK",United States
RNO,Reno Tahoe International Airport,"Reno, NV",United States
RNT,Renton Municipal Airport,"Renton, WA",United States
ROA,Roanoke–Blacksburg Regional Airport,"Roanoke, VA",United States
ROC,Frederick Douglass Greater Rochester International Airport,"Rochester, NY",United States
ROG,Rogers Municipal Airport-Carter Field,"Rogers, AR",United States
ROL,Roosevelt Municipal Airport,"Roosevelt, UT",United States
ROP,Rota International Airport,"Rota, TT",United States
ROR,Roman Tmetuchl International Airport,"Koror, Palau",Palau
ROS,Rosario Islas Malvinas International Airport,"Rosario, Argentina",Argentina
ROW,Roswell Air Center Airport,"Roswell, NM",United States
RQI,Nixon Fork Mine Airport,"Nixon Fork Mine, AK",United States
RSD,Rock Sound International Airport,"Rock Sound, The Bahamas",The Bahamas
RSH,Russian Mission Airport,"Russian Mission, AK",United States
RSJ,Rosario Seaplane Base,"Rosario, WA",United States
RSN,Ruston Regional Airport,"Ruston, LA",United States
RSP,Raspberry Straits,"Raspberry Strait, AK",United States
RST,Rochester International Airport,"Rochester, MN",United States
RSW,Southwest Florida International Airport,"Fort Myers, FL",United States
RTB,Juan Manuel Gálvez International Airport,"Roatan Island, Honduras",Honduras
RTM,Rotterdam The Hague Airport,"Rotterdam, Netherlands",Netherlands
RUH,King Khalid International Airport,"Riyadh, Saudi Arabia",Saudi Arabia
RUT,Rutland - Southern Vermont Regional Airport,"Rutland, VT",United States
RWI,Rocky Mount Wilson Regional Airport,"Rocky Mount, NC",United States
RYE,Weld County Municipal,"Greeley, CO",United States
RZE,Rzeszów-Jasionka Airport,"Rzeszow, Poland",Poland
SAD,Safford Regional Airport,"Safford, AZ",United States
SAF,Santa Fe Municipal Airport,"Santa Fe, NM",United States
SAL,El Salvador International Airport Saint Óscar Arnulfo Romero y Galdámez,"San Salvador, El Salvador",El Salvador
SAN,San Diego International Airport,"San Diego, CA",United States
SAP,Ramón Villeda Morales International Airport,"San Pedro Sula, Honduras",Honduras
SAQ,San Andros Airport,"San Andros, The Bahamas",The Bahamas
SAT,San Antonio International Airport,"San Antonio, TX",United States
SAV,Savannah Hilton Head International Airport,"Savannah, GA",United States
SBA,Santa Barbara Municipal Airport,"Santa Barbara, CA",United States
SBD,San Bernardino International Airport,"San Bernardino, CA",United States
SBH,St. Jean Airport,"Saint Barthelemy, Saint Barthelemy",Saint Barthelemy
SBM,Sheboygan County Memorial Airport,"Sheboygan, WI",United States
SBN,South Bend International Airport,"South Bend, IN",United States
SBP,San Luis County Regional Airport,"San Luis Obispo, CA",United States
SBY,Salisbury Ocean City Wicomico Regional Airport,"Salisbury, MD",United States
SCC,Deadhorse Airport,"Deadhorse, AK",United States
SCE,State College Regional Airport,"State College, PA",United States
SCF,Scottsdale Airport,"Phoenix, AZ",United States
SCJ,Smith Cove Airport,"Smith Cove, AK",United States
SCK,Stockton Metropolitan Airport,"Stockton, CA",United States
SCL,Comodoro Arturo Merino Benítez International Airport,"Santiago, Chile",Chile
SCM,Scammon Bay Airport,"Scammon Bay, AK",United States
SCQ,Santiago-Rosalía de Castro Airport,"Santiago de Compostela, Spain",Spain
SCU,Antonio Maceo International Airport,"Santiago, Cuba",Cuba
SDF,Louisville Muhammad Ali International Airport,"Louisville, KY",United States
SDJ,Sendai Airport,"Sendai, Japan",Japan
SDM,Brown Field Municipal Airport,"San Diego, CA",United States
SDP,Sand Point Airport,"Sandpoint, AK",United States
SDQ,Las Américas International Airport,"Santo Domingo, Dominican Republic",Dominican Republic
SDY,Sidney - Richland Regional Airport,"Sidney, MT",United States
SEA,Seattle–Tacoma International Airport,"Seattle, WA",United States
SEM,Craig Field,"Selma, AL",United States
SFB,Orlando Sanford International Airport,"Sanford, FL",United States
SFH,San Felipe International Airport,"San Felipe, Mexico",Mexico
SFO,San Francisco International Airport,"San Francisco, CA",United States
SGF,Springfield Branson National Airport,"Springfield, MO",United States
SGU,St George Regional Airport,"St. George, UT",United States
SGY,Skagway Airport,"Skagway, AK",United States
SHA,Shanghai Hongqiao International Airport,"Shanghai, China",China
SHD,Shenandoah Valley Regional Airport,"Staunton, VA",United States
SHE,Shenyang Taoxian International Airport,"Shenyang, China",China
SHG,Shungnak Airport,"Shungnak, AK",United States
SHH,Shishmaref Airport,"Shishmaref, AK",United States
SHJ,Sharjah International Airport,"Sharjah, United Arab Emirates",United Arab Emirates
SHR,Sheridan County Airport,"Sheridan, WY",United States
SHV,Shreveport Regional Airport,"Shreveport, LA",United States
SHX,Shageluk Airport,"Shageluk, AK",United States
SID,Amílcar Cabral International Airport,"Sal Island, Cape Verde",Cape Verde
SIG,Fernando Luis Ribas Dominicci Airport,"San Juan, PR",United States
SIN,Singapore Changi Airport,"Singapore, Singapore",Singapore
SIT,Sitka Rocky Gutierrez Airport,"Sitka, AK",United States
SJC,Norman Y. Mineta San Jose International Airport,"San Jose, CA",United States
SJD,Los Cabos International Airport,"San Jose del Cabo, Mexico",Mexico
SJO,Juan Santamaría International Airport,"San Jose, Costa Rica",Costa Rica
SJT,San Angelo Regional Mathis Field,"San Angelo, TX",United States
SJU,Luis Munoz Marin International Airport,"San Juan, PR",United States
SJW,Shijiazhuang Zhengding International Airport,"Shijiazhuang, China",China
SKB,Robert L. Bradshaw International Airport,"St. Kitts, Saint Kitts and Nevis",Saint Kitts and Nevis
SKF,Lackland Air Force Base,"San Antonio, TX",United States
SKG,Thessaloniki Macedonia International Airport,"Thessaloniki, Greece",Greece
SKJ,Singkawang Airport,"Sitkinak, AK",United States
SKK,Shaktoolik Airport,"Shaktoolik, AK",United States
SKW,Skwentna Airport,"Skwentna, AK",United States
SLC,Salt Lake City International Airport,"Salt Lake City, UT",United States
SLE,Salem-Willamette Valley Airport/McNary Field,"Salem, OR",United States
SLK,Adirondack Regional Airport,"Saranac Lake/Lake Placid, NY",United States
SLN,Salina Municipal Airport,"Salina, KS",United States
SLP,Ponciano Arriaga International Airport,"San Luis Potosi, Mexico",Mexico
SLQ,Sleetmute Airport,"Sleetmute, AK",United States
SLR,Sulphur Springs Municipal Airport,"Sulphur Springs, TX",United States
SLT,Salida Airport - Harriet Alexander Field,"Salida, CO",United States
SLU,George F. L. Charles Airport,"St. Lucia, Saint Lucia",Saint Lucia
SLW,Plan de Guadalupe International Airport,"Saltillo, Mexico",Mexico
SLZ,Marechal Cunha Machado International Airport,"Sao Luiz, Brazil",Brazil
SMA,Santa Maria Airport,"Santa Maria, Portugal",Portugal
SMF,Sacramento International Airport,"Sacramento, CA",United States
SMK,St Michael Airport,"St. Michael, AK",United States
SMN,Lemhi County Airport,"Salmon, ID",United States
SMO,Santa Monica Municipal Airport,"Santa Monica, CA",United States
SMR,Simón Bolívar International Airport,"Santa Marta, Colombia",Colombia
SMX,Santa Maria Public Airport Captain G Allan Hancock Field,"Santa Maria, CA",United States
SNA,John Wayne Orange County International Airport,"Santa Ana, CA",United States
SNN,Shannon Airport,"Shannon, Ireland",Ireland
SNP,St Paul Island Airport,"St. Paul, AK",United States
SNS,Salinas Municipal Airport,"Salinas/Monterey, CA",United States
SNU,Abel Santamaria International Airport,"Santa Clara, Cuba",Cuba
SOV,Seldovia Airport,"Seldovia, AK",United States
SOW,Show Low Regional Airport,"Show Low, AZ",United States
SPB,Charlotte Amalie Harbor Seaplane Base,"Charlotte Amalie, VI",United States
SPI,Abraham Lincoln Capital Airport,"Springfield, IL",United States
SPN,Saipan International Airport,"Saipan, TT",United States
SPS,Wichita Falls Municipal Airport / Sheppard Air Force Base,"Wichita Falls, TX",United States
SQA,Santa Ynez Airport,"Santa Ynez, CA",United States
SQI,Whiteside County Airport - Joseph H Bittorf Field,"Sterling/Rockfalls, IL",United States
SQL,San Carlos Airport,"San Carlos, CA",United States
SQV,Sequim Valley Airport,"Sequim, WA",United States
SRC,Searcy Municipal Airport,"Searcy, AR",United States
SRQ,Sarasota Bradenton International Airport,"Sarasota/Bradenton, FL",United States
SRV,Stony River 2 Airport,"Stony River, AK",United States
SSA,Deputado Luiz Eduardo Magalhães International Airport,"Salvador, Brazil",Brazil
SSB,Christiansted Harbor Seaplane Base,"Christiansted, VI",United States
STC,Saint Cloud Regional Airport,"St. Cloud, MN",United States
STF,Stephens Island Seaplane Base,"Starkville, MS",United States
STG,St George Airport,"St. George Island, AK",United States
STI,Cibao International Airport,"Santiago, Dominican Republic",Dominican Republic
STJ,Rosecrans Memorial Airport,"St. Joseph, MO",United States
STL,St. Louis Lambert International Airport,"St. Louis, MO",United States
STM,Santarém - Maestro Wilson Fonseca International Airport,"Santarem, Brazil",Brazil
STN,London Stansted Airport,"London, United Kingdom",United Kingdom
STP,Saint Paul Downtown Holman Field,"Minneapolis/St. Paul, MN",United States
STR,Stuttgart Airport,"Stuttgart, Germany",Germany
STS,Charles M. Schulz Sonoma County Airport,"Santa Rosa, CA",United States
STT,Cyril E. King Airport,"Charlotte Amalie, VI",United States
STX,Henry E. Rohlsen Airport,"Christiansted, VI",United States
SUA,Witham Field,"Stuart, FL",United States
SUJ,Satu Mare International Airport,"Satu Mare, Romania",Romania
SUN,Friedman Memorial Airport,"Sun Valley/Hailey/Ketchum, ID",United States
SUS,Spirit of St Louis Airport,"St. Louis, MO",United States
SUX,Sioux Gateway Airport / Brigadier General Bud Day Field,"Sioux City, IA",United States
SVA,Savoonga Airport,"Savoonga, AK",United States
SVC,Grant County Airport,"Silver City/Hurley, NM",United States
SVD,Argyle International Airport,"St. Vincent, Saint Vincent and the Grenadines",Saint Vincent and the Grenadines
SVG,"Stavanger Airport, Sola","Stavanger, Norway",Norway
SVH,Statesville Regional Airport,"Statesville, NC",United States
SVN,Hunter Army Air Field,"Savannah, GA",United States
SVO,Sheremetyevo International Airport,"Moscow, Russia",Russia
SVQ,Seville Airport,"Seville, Spain",Spain
SVS,Stevens Village Airport,"Stevens Village, AK",United States
SVW,Sparrevohn LRRS Airport,"Sparrevohn, AK",United States
SWD,Seward Airport,"Seward, AK",United States
SWF,New York Stewart International Airport,"Newburgh/Poughkeepsie, NY",United States
SWO,Stillwater Regional Airport,"Stillwater, OK",United States
SXM,Princess Juliana International Airport,"Philipsburg, Sint Maarten",Sint Maarten
SXP,Nunam Iqua Airport,"Sheldon Point, AK",United States
SXQ,Soldotna Airport,"Soldotna, AK",United States
SYA,Eareckson Air Station,"Shemya, AK",United States
SYB,Seal Bay Seaplane Base,"Seal Bay, AK",United States
SYD,Sydney Kingsford Smith International Airport,"Sydney, Australia",Australia
SYR,Syracuse Hancock International Airport,"Syracuse, NY",United States
SZX,Shenzhen Bao'an International Airport,"Shenzhen, China",China
T2X,Hereford Municipal,"Hereford, TX",United States
T4X,Llano Municipal,"Llano, TX",United States
T8X,McKinney National,"Dallas, TX",United States
TAB,A.N.R. Robinson International Airport,"Tobago, Trinidad and Tobago",Trinidad and Tobago
TAK,Takamatsu Airport,"Takamatsu, Japan",Japan
TAL,Ralph M Calhoun Memorial Airport,"Tanana, AK",United States
TAM,General Francisco Javier Mina International Airport,"Tampico, Mexico",Mexico
TAO,Qingdao Jiaodong International Airport,"Qingdao, China",China
TAS,Tashkent International Airport,"Tashkent, Uzbekistan",Uzbekistan
TBI,New Bight Airport,"New Bight, The Bahamas",The Bahamas
TBN,Waynesville-St. Robert Regional Airport-Forney Field,"Fort Leonard Wood, MO",United States
TBU,Fua'amotu International Airport,"Tonga Tapu, Tonga",Tonga
TCB,Treasure Cay Airport,"Treasure Cay, The Bahamas",The Bahamas
TCL,Tuscaloosa National Airport,"Tuscaloosa, AL",United States
TCM,McChord Air Force Base,"Tacoma, WA",United States
TCT,Takotna Airport,"Takotna, AK",United States
TEB,Teterboro Airport,"Teterboro, NJ",United States
TEK,Tatitlek Airport,"Tatitlek, AK",United States
TER,Lajes Airport,"Lajes, Portugal",Portugal
TEX,Telluride Regional Airport,"Telluride, CO",United States
TFN,Tenerife Norte-Ciudad de La Laguna Airport,"Tenerife, Spain",Spain
TFS,Tenerife Sur Airport,"Tenerife, Spain",Spain
TFU,Chengdu Tianfu International Airport,"Chengdu, China",China
TGU,Toncontín Airport,"Tegucigalpa, Honduras",Honduras
TGZ,Angel Albino Corzo International Airport,"Tuxtla Gutierrez, Mexico",Mexico
THA,Tullahoma Regional Airport William Northern Field,"Tullahoma, TN",United States
TIJ,General Abelardo L. Rodriguez International Airport,"Tijuana, Mexico",Mexico
TIQ,Francisco Manglona Borja / Tinian International Airport,"Tinian, TT",United States
TIW,Tacoma Narrows Airport,"Tacoma, WA",United States
TKA,Talkeetna Airport,"Talkeetna, AK",United States
TKE,Tenakee Seaplane Base,"Tenakee, AK",United States
TKF,Truckee Tahoe Airport,"Truckee, CA",United States
TKI,Tokeen Seaplane Base,"Tokeen, AK",United States
TKJ,Tok Junction Airport,"Tok, AK",United States
TKK,Chuuk International Airport,"Chuuk, Federated States of Micronesia",Federated States of Micronesia
TLA,Teller Airport,"Teller, AK",United States
TLC,Adolfo López Mateos International Airport,"Toluca, Mexico",Mexico
TLF,Telida Airport,"Telida, AK",United States
TLH,Tallahassee International Airport,"Tallahassee, FL",United States
TLJ,Tatalina LRRS Airport,"Tatalina, AK",United States
TLN,Toulon-Hyères Airport,"Toulon/Hyeres, France",France
TLS,Toulouse-Blagnac Airport,"Toulouse, France",France
TLT,Tuluksak Airport,"Tuluksak, AK",United States
TLV,Ben Gurion International Airport,"Tel Aviv, Israel",Israel
TMB,Miami Executive Airport,"Miami, FL",United States
TMP,Tampere-Pirkkala Airport,"Tampere, Finland",Finland
TNA,Jinan Yaoqiang International Airport,"Jinan, China",China
TNC,Tin City Long Range Radar Station Airport,"Tin City, AK",United States
TNK,Tununak Airport,"Tununak, AK",United States
TOG,Togiak Airport,"Togiak, AK",United States
TOL,Eugene F. Kranz Toledo Express Airport,"Toledo, OH",United States
TOP,Philip Billard Municipal Airport,"Topeka, KS",United States
TPA,Tampa International Airport,"Tampa, FL",United States
TPE,Taiwan Taoyuan International Airport,"Taipei, Taiwan",Taiwan
TPQ,Amado Nervo National Airport,"Tepic, Mexico",Mexico
TQO,Felipe Carrillo Puerto International Airport Tulum,"Tulum, Mexico",Mexico
TRC,Francisco Sarabia Tinoco International Airport,"Torreon, Mexico",Mexico
TRI,Tri-Cities Regional TN/VA Airport,"Bristol/Johnson City/Kingsport, TN",United States
TRM,Jacqueline Cochran Regional Airport,"Thermal, CA",United States
TRN,Turin Airport,"Turin, Italy",Italy
TRU,Capitán FAP Carlos Martínez de Pinillos International Airport,"Trujillo, Peru",Peru
TSA,Taipei Songshan International Airport,"Taipei, Taiwan",Taiwan
TSM,Taos Regional Airport,"Taos, NM",United States
TSN,Tianjin Binhai International Airport,"Tianjin, China",China
TTD,Portland Troutdale Airport,"Troutdale, OR",United States
TTN,Trenton Mercer Airport,"Trenton, NJ",United States
TUH,Arnold Air Force Base,"Tullahoma, TN",United States
TUL,Tulsa International Airport,"Tulsa, OK",United States
TUP,Tupelo Regional Airport,"Tupelo, MS",United States
TUS,Tucson International Airport,"Tucson, AZ",United States
TVC,Cherry Capital Airport,"Traverse City, MI",United States
TVF,Thief River Falls Regional Airport,"Thief River Falls, MN",United States
TWA,Twin Hills Airport,"Twin Hills, AK",United States
TWD,Jefferson County International Airport,"Port Townsend, WA",United States
TWF,Joslin Field Magic Valley Regional Airport,"Twin Falls, ID",United States
TX1,Mesquite Metro,"Mesquite, TX",United States
TX8,City of Slaton Larry T Neal Meml,"Slaton, TX",United States
TXK,Texarkana Regional Airport (Webb Field),"Texarkana, AR",United States
TXL,Tegel,"Berlin, Germany",Germany
TYE,Tyonek Airport,"Tyonek, AK",United States
TYM,Staniel Cay Airport,"Exuma, The Bahamas",The Bahamas
TYN,Taiyuan Wusu International Airport,"Taiyuan, China",China
TYR,Tyler Pounds Regional Airport,"Tyler, TX",United States
TYS,McGhee Tyson Airport,"Knoxville, TN",United States
TZN,Congo Town Airport,"South Andos, The Bahamas",The Bahamas
TZX,Trabzon International Airport,"Trabzon, Turkey",Turkey
UAM,Andersen Air Force Base,"Guam, TT",United States
UBF,Chatham Municipal,"Chatham, MA",United States
UDD,Bermuda Dunes Airport,"Bermuda Dunes, CA",United States
UGB,Ugashik Bay Airport,"Pilot Point, AK",United States
UGI,San Juan /Uganik/ Seaplane Base,"Uganik, AK",United States
UGS,Ugashik Airport,"Ugashik, AK",United States
UIN,Quincy Regional Airport Baldwin Field,"Quincy, IL",United States
UIO,Mariscal Sucre International Airport,"Quito, Ecuador",Ecuador
UMT,Umiat Airport,"Umiat, AK",United States
UNI,Union Island International Airport,"Union Island, Saint Vincent and the Grenadines",Saint Vincent and the Grenadines
UNK,Unalakleet Airport,"Unalakleet, AK",United States
UOX,University Oxford Airport,"Oxford, MS",United States
UPN,Uruapan - Licenciado y General Ignacio Lopez Rayon International Airport,"Uruapan, Mexico",Mexico
UST,Northeast Florida Regional Airport,"St. Augustine, FL",United States
UTM,Tunica Municipal Airport,"Tunica, MS",United States
UTO,Indian Mountain LRRS Airport,"Utopia, AK",United States
UUK,Ugnu-Kuparuk Airport,"Kuparuk, AK",United States
UUS,Yuzhno-Sakhalinsk International Airport,"Yuzhno-Sakhalinsk, Russia",Russia
UVF,Hewanorra International Airport,"St. Lucia, Saint Lucia",Saint Lucia
UXA,Lik Camp Airport,"Lik Camp, AK",United States
UXI,Calder Bay Airport,"Calder Bay, AK",United States
UXM,47-Mile Mine Airport,"47-Mile Mine, AK",United States
UXR,Monument Valley Airport,"Monument Valley, UT",United States
VA4,Leesburg Executive,"Leesburg, VA",United States
VAK,Chevak Airport,"Chevak, AK",United States
VAS,Sivas Nuri Demirağ Airport,"Sivas, Turkey",Turkey
VAV,Vava'u International Airport,"Vava'u, Tonga",Tonga
VCE,Venice Marco Polo Airport,"Venice, Italy",Italy
VCP,Viracopos International Airport,"Sao Paulo, Brazil",Brazil
VCT,Victoria Regional Airport,"Victoria, TX",United States
VCV,Southern California Logistics Airport,"Victorville, CA",United States
VDZ,Valdez Pioneer Field,"Valdez, AK",United States
VEE,Venetie Airport,"Venetie, AK",United States
VEL,Vernal Regional Airport,"Vernal, UT",United States
VER,General Heriberto Jara International Airport,"Veracruz, Mexico",Mexico
VGT,North Las Vegas Airport,"Las Vegas, NV",United States
VIE,Vienna International Airport,"Vienna, Austria",Austria
VIJ,Virgin Gorda Airport,"Virgin Gorda, British Virgin Islands",British Virgin Islands
VIK,Kavik River Airport,"Kavik River, AK",United States
VIS,Visalia Municipal Airport,"Visalia, CA",United States
VIT,Vitoria Airport,"Vitoria, Spain",Spain
VKO,Vnukovo International Airport,"Moscow, Russia",Russia
VLC,Valencia Airport,"Valencia, Spain",Spain
VLD,Valdosta Regional Airport,"Valdosta, GA",United States
VNY,Van Nuys Airport,"Van Nuys, CA",United States
VPC,Cartersville Airport,"Cartersville, GA",United States
VPS,Destin-Fort Walton Beach Airport,"Valparaiso, FL",United States
VPZ,Porter County Municipal Airport,"Valparaiso, IN",United States
VQS,Antonio Rivera Rodriguez Airport,"Vieques, PR",United States
VRA,Juan Gualberto Gomez International Airport,"Varadero, Cuba",Cuba
VRB,Vero Beach Regional Airport,"Vero Beach, FL",United States
VSA,Carlos Rovirosa Pérez International Airport,"Villahermosa, Mexico",Mexico
VT1,Deerfield Valley Regional,"West Dover, VT",United States
VVI,Viru Viru International Airport,"Santa Cruz, Bolivia",Bolivia
VVO,Vladivostok International Airport,"Vladivostok, Russia",Russia
VWD,Hanford Municipal,"Hanford, CA",United States
VWZ,Granite Creek Mine Airport,"Granite Creek Mine, AK",United States
VYS,Illinois Valley Regional Airport Walter A Duncan Field,"Peru, IL",United States
VZC,Mush Bay Airport,"Mush Bay, AK",United States
VZE,Frazer Lake Airport,"Frazer Lake, AK",United States
VZM,Jensens Strip Airport,"Jensens Strip, AK",United States
VZN,Wildman Creek Airport,"Wildman Creek, AK",United States
VZR,Katmai Bay Airport,"Katmai Bay, AK",United States
VZY,Katmai Lodge Airport,"Katmai Lodge, AK",United States
WA3,Shaw Islands Water Aerodrome,"Shaw Island, WA",United States
WA6,Stehekin Seaplane Landing,"Stehekin, WA",United States
WA7,Chelan Seaplane Landing,"Chelan, WA",United States
WAA,Wales Airport,"Wales, AK",United States
WAW,Warsaw Chopin Airport,"Warsaw, Poland",Poland
WBB,Stebbins Airport,"Stebbins, AK",United States
WBQ,Beaver Airport,"Beaver, AK",United States
WCR,Chandalar Lake Airport,"Chandalar, AK",United States
WDH,Hosea Kutako International Airport,"Windhoek, Namibia",Namibia
WFB,Ketchikan Harbor Seaplane Base,"Ketchikan, AK",United States
WGO,Winchester Regional Airport,"Winchester, VA",United States
WHD,Hyder Seaplane Base,"Hyder, AK",United States
WKK,Aleknagik / New Airport,"Aleknagik, AK",United States
WKR,Walkers Cay Airport,"Walker's Cay, The Bahamas",The Bahamas
WLG,Wellington International Airport,"Wellington, New Zealand",New Zealand
WLK,Selawik Airport,"Selawik, AK",United States
WMK,Meyers Chuck Seaplane Base,"Meyers Chuck, AK",United States
WMO,White Mountain Airport,"White Mountain, AK",United States
WNA,Napakiak Airport,"Napakiak, AK",United States
WQU,Portales Municipal,"Portales, NM",United States
WQZ,Chignik Lake Airport,"Chignik Lake, AK",United States
WRG,Wrangell Airport,"Wrangell, AK",United States
WRL,Worland Municipal Airport,"Worland, WY",United States
WSB,Steamboat Bay Seaplane Base,"Steamboat Bay, AK",United States
WSJ,San Juan Airport,"San Juan, AK",United States
WSN,South Naknek Number 2 Airport,"South Naknek, AK",United States
WST,Westerly State Airport,"Westerly, RI",United States
WSX,Westsound/WSX Seaplane Base,"Westsound, WA",United States
WTK,Noatak Airport,"Noatak, AK",United States
WTL,Tuntutuliak Airport,"Tuntutuliak, AK",United States
WUH,Wuhan Tianhe International Airport,"Wuhan, China",China
WWA,Wasilla Airport,"Wasilla, AK",United States
WWP,Whale Pass Seaplane Float Harbor Facility,"Whale Pass, AK",United States
WWT,Mertarvik Airport,"Newtok, AK",United States
WYS,Yellowstone Airport,"West Yellowstone, MT",United States
XCR,Chalons Vatry airport,"Chalons-En-Champagne, France",France
XIY,Xi'an Xianyang International Airport,"Xi'an, China",China
XMN,Xiamen Gaoqi International Airport,"Xiamen, China",China
XNA,Northwest Arkansas National Airport,"Fayetteville, AR",United States
XPL,Palmerola International Airport,"Comayagua, Honduras",Honduras
XSC,South Caicos Airport,"South Caicos, Turks and Caicos Islands",Turks and Caicos Islands
XWA,Williston Basin International Airport,"Williston, ND",United States
XWW,Teton Peaks,"Driggs, ID",United States
XXR,Mariposa-Yosemite,"Mariposa, CA",United States
XXV,Decatur Shores,"Decatur, WA",United States
XXW,Lake City Gateway,"Lake City, FL",United States
YAK,Yakutat Airport,"Yakutat, AK",United States
YAM,Sault Ste Marie Airport,"Sault Ste. Marie, Canada",Canada
YAP,Yap International Airport,"Yap, Federated States of Micronesia",Federated States of Micronesia
YBG,Saguenay-Bagotville Airport,"Saguenay, Canada",Canada
YBL,Campbell River Airport,"Campbell River, Canada",Canada
YBW,Bedwell Harbour Seaplane Base,"Bedwell Harbour, Canada",Canada
YCD,Nanaimo Airport,"Nanaimo, Canada",Canada
YCE,Centralia / James T. Field Memorial Aerodrome,"Centralia, Canada",Canada
YCF,Cortes Bay Water Aerodrome,"Cortes Bay, Canada",Canada
YDA,Dawson City Airport,"Dawson City, Canada",Canada
YDF,Deer Lake Airport,"Deer Lake, Canada",Canada
YDS,Desolation Sound Marine Park,"Desolation Sound, Canada",Canada
YEG,Edmonton International Airport,"Edmonton, Canada",Canada
YEV,Inuvik Mike Zubko Airport,"Inuvik, Canada",Canada
YFB,Iqaluit Airport,"Iqaluit, Canada",Canada
YFC,Fredericton International Airport,"Fredericton, Canada",Canada
YGE,Gorge Harbour Seaplane Base,"Gorge Harbor, Canada",Canada
YGG,Ganges Seaplane Base,"Ganges Harbor, Canada",Canada
YGK,Kingston Norman Rogers Airport,"Kingston, Canada",Canada
YGN,Greenway Sound Seaplane Base,"Greenway Sound, Canada",Canada
YHH,Campbell River Seaplane Base,"Campbell River, Canada",Canada
YHM,John C. Munro Hamilton International Airport,"Hamilton, Canada",Canada
YHS,Sechelt-Gibsons Airport,"Sechelt, Canada",Canada
YHU,Montréal / Saint-Hubert Metropolitan Airport,"Montreal, Canada",Canada
YHZ,Halifax / Stanfield International Airport,"Halifax, Canada",Canada
YIG,Big Bay Seaplane Base,"Big Bay Marina, Canada",Canada
YIP,Willow Run Airport,"Detroit, MI",United States
YJT,Stephenville Dymond International Airport,"Stephenville, Canada",Canada
YKA,Kamloops John Moose Fulton Field Regional Airport,"Kamloops, Canada",Canada
YKF,Region of Waterloo International Airport,"Kitchener, Canada",Canada
YKM,Yakima Air Terminal McAllister Field,"Yakima, WA",United States
YLW,Kelowna International Airport,"Kelowna, Canada",Canada
YMF,Montague Harbour Seaplane Base,"Galiano Island, Canada",Canada
YMM,Fort McMurray International Airport,"Fort McMurray, Canada",Canada
YMP,Port McNeill Airport,"Port McNeill, Canada",Canada
YMU,Mansons Landing Seaplane Base,"Mansons Landing, Canada",Canada
YMX,Montreal Mirabel International Airport,"Montreal, Canada",Canada
YNG,Youngstown Warren Regional Airport,"Youngstown/Warren, OH",United States
YOC,Old Crow Airport,"Old Crow, Canada",Canada
YOD,CFB Cold Lake,"Cold Lake, Canada",Canada
YOW,Ottawa Macdonald-Cartier International Airport,"Ottawa, Canada",Canada
YPQ,Peterborough Regional Airport,"Peterborough, Canada",Canada
YPT,Pender Harbour Seaplane Base,"Pender Harbour, Canada",Canada
YPW,Powell River Airport,"Powell River, Canada",Canada
YQA,Muskoka Airport,"Muskoka, Canada",Canada
YQB,Quebec Jean Lesage International Airport,"Quebec, Canada",Canada
YQG,Windsor International Airport,"Windsor, Canada",Canada
YQJ,April Point Seaplane Base,"Quadra Island, Canada",Canada
YQL,Lethbridge County Airport,"Lethbridge, Canada",Canada
YQM,Greater Moncton Roméo LeBlanc International Airport,"Moncton, Canada",Canada
YQR,Regina International Airport,"Regina, Canada",Canada
YQT,Thunder Bay International Airport,"Thunder Bay, Canada",Canada
YQX,Gander International Airport,"Gander, Canada",Canada
YQY,Sydney / J.A. Douglas McCurdy Airport,"Sydney, Canada",Canada
YR1,Refuge Cove Water Aerodrome,"Refuge Cove, Canada",Canada
YSB,Sudbury Airport,"Sudbury, Canada",Canada
YSJ,Saint John Airport,"Saint John, Canada",Canada
YTG,Sullivan Bay Seaplane Base,"Sullivan Bay, Canada",Canada
YTM,Mont-Tremblant International Airport,"La Macaza, Canada",Canada
YTZ,Billy Bishop Toronto City Airport,"Toronto, Canada",Canada
YUB,Tuktoyaktuk / James Gruben Airport,"Tuktoyaktuk, Canada",Canada
YUL,Montreal / Pierre Elliott Trudeau International Airport,"Montreal, Canada",Canada
YUM,Yuma International Airport / Marine Corps Air Station Yuma,"Yuma, AZ",United States
YVR,Vancouver International Airport,"Vancouver, Canada",Canada
YWG,Winnipeg / James Armstrong Richardson International Airport,"Winnipeg, Canada",Canada
YWH,Victoria Harbour Seaplane Base,"Victoria, Canada",Canada
YXC,Cranbrook/Canadian Rockies International Airport,"Cranbrook, Canada",Canada
YXE,Saskatoon John G. Diefenbaker International Airport,"Saskatoon, Canada",Canada
YXS,Prince George (International) Airport,"Prince George, Canada",Canada
YXU,London International Airport,"London, Canada",Canada
YXX,Abbotsford International Airport,"Abbotsford, Canada",Canada
YXY,Whitehorse / Erik Nielsen International Airport,"Whitehorse, Canada",Canada
YYB,North Bay Jack Garland Airport,"North Bay, Canada",Canada
YYC,Calgary International Airport,"Calgary, Canada",Canada
YYG,Charlottetown Airport,"Charlottetown, Canada",Canada
YYJ,Victoria International Airport,"Victoria, Canada",Canada
YYQ,Churchill Airport,"Churchill, Canada",Canada
YYR,Goose Bay Airport,"Goose Bay, Canada",Canada
YYT,St. John's International Airport,"St. John's, Canada",Canada
YYZ,Toronto Pearson International Airport,"Toronto, Canada",Canada
YZF,Yellowknife International Airport,"Yellowknife, Canada",Canada
YZT,Port Hardy Airport,"Port Hardy, Canada",Canada
ZAZ,Zaragoza Airport,"Zaragoza, Spain",Spain
ZCL,General Leobardo C. Ruiz International Airport,"Zacatecas, Mexico",Mexico
ZIH,Ixtapa-Zihuatanejo International Airport,"Ixtapa/Zihuatanejo, Mexico",Mexico
ZLO,Playa de Oro International Airport,"Manzanillo, Mexico",Mexico
ZMT,Masset Airport,"Masset, Canada",Canada
ZNA,Nanaimo Harbour Water Aerodrome,"Nanaimo, Canada",Canada
ZNC,Nyac Airport,"Nyac, AK",United States
ZRH,Zürich Airport,"Zurich, Switzerland",Switzerland
ZSA,San Salvador International Airport,"San Salvador, The Bahamas",The Bahamas
ZUH,Zhuhai Jinwan Airport,"Zhuhai, China",China
ZXB,Double Eagle II,"Albuquerque, NM",United States
ZXF,Illinois Creek Airport,"Illinois Creek, AK",United States
ZXH,Chomondely Sound Airport,"Chomondely Sound, AK",United States
ZXI,Coal Bay Airport,"Coal Bay, AK",United States
ZXK,Lancaster Cove Airport,"Lancaster Cove, AK",United States
ZXM,Saltery Cove Airport,"Saltery Cove, AK",United States
ZXN,Clover Bay Airport,"Clover Bay, AK",United States
ZXU,Quonset State,"North Kingstown, RI",United States
